	word2vec_cluster_label
0	6.0
1	5.0
2	5.0
3	5.0
4	6.0
5	6.0
6	5.0
7	5.0
8	4.0
9	5.0
10	6.0
11	6.0
12	3.0
13	6.0
14	6.0
15	5.0
16	5.0
17	5.0
18	5.0
19	6.0
20	4.0
21	6.0
22	5.0
23	6.0
24	5.0
25	4.0
26	5.0
27	5.0
28	7.0
29	5.0
30	7.0
31	6.0
32	4.0
33	6.0
34	5.0
35	5.0
36	4.0
37	7.0
38	6.0
39	5.0
40	5.0
41	4.0
42	5.0
43	6.0
44	6.0
45	6.0
46	5.0
47	7.0
48	5.0
49	3.0
50	5.0
51	5.0
52	6.0
53	5.0
54	7.0
55	5.0
56	5.0
57	6.0
58	5.0
59	6.0
60	5.0
61	6.0
62	4.0
63	6.0
64	5.0
65	5.0
66	5.0
67	6.0
68	7.0
69	5.0
70	5.0
71	5.0
72	6.0
73	6.0
74	5.0
75	5.0
76	5.0
77	6.0
78	5.0
79	5.0
80	5.0
81	4.0
82	6.0
83	3.0
84	6.0
85	6.0
86	5.0
87	6.0
88	4.0
89	5.0
90	5.0
91	5.0
92	5.0
93	6.0
94	4.0
95	6.0
96	6.0
97	6.0
98	5.0
99	5.0
100	5.0
101	5.0
102	5.0
103	6.0
104	7.0
105	6.0
106	5.0
107	6.0
108	4.0
109	5.0
110	4.0
111	6.0
112	5.0
113	5.0
114	5.0
115	6.0
116	5.0
117	5.0
118	5.0
119	5.0
120	7.0
121	5.0
122	4.0
123	5.0
124	4.0
125	7.0
126	5.0
127	5.0
128	7.0
129	5.0
130	6.0
131	5.0
132	6.0
133	6.0
134	5.0
135	3.0
136	5.0
137	5.0
138	4.0
139	4.0
140	4.0
141	5.0
142	6.0
143	6.0
144	6.0
145	5.0
146	5.0
147	7.0
148	6.0
149	5.0
150	6.0
151	4.0
152	4.0
153	5.0
154	4.0
155	6.0
156	4.0
157	4.0
158	4.0
159	5.0
160	5.0
161	6.0
162	4.0
163	5.0
164	4.0
165	5.0
166	5.0
167	6.0
168	3.0
169	5.0
170	4.0
171	5.0
172	5.0
173	5.0
174	6.0
175	4.0
176	7.0
177	5.0
178	5.0
179	5.0
180	5.0
181	5.0
182	5.0
183	6.0
184	5.0
185	3.0
186	5.0
187	4.0
188	6.0
189	6.0
190	5.0
191	4.0
192	5.0
193	4.0
194	6.0
195	5.0
196	6.0
197	5.0
198	4.0
199	4.0
200	6.0
201	6.0
202	5.0
203	4.0
204	5.0
205	5.0
206	4.0
207	5.0
208	5.0
209	7.0
210	4.0
211	5.0
212	6.0
213	5.0
214	5.0
215	6.0
216	4.0
217	5.0
218	5.0
219	6.0
220	5.0
221	6.0
222	6.0
223	5.0
224	6.0
225	4.0
226	6.0
227	5.0
228	4.0
229	5.0
230	5.0
231	5.0
232	5.0
233	4.0
234	4.0
235	5.0
236	5.0
237	5.0
238	5.0
239	4.0
240	4.0
241	5.0
242	6.0
243	4.0
244	7.0
245	4.0
246	4.0
247	5.0
248	6.0
249	6.0
250	4.0
251	5.0
252	5.0
253	6.0
254	7.0
255	4.0
256	5.0
257	7.0
258	4.0
259	6.0
260	5.0
261	5.0
262	4.0
263	5.0
264	6.0
265	6.0
266	4.0
267	6.0
268	6.0
269	5.0
270	5.0
271	5.0
272	5.0
273	5.0
274	6.0
275	4.0
276	7.0
277	6.0
278	6.0
279	5.0
280	5.0
281	6.0
282	5.0
283	5.0
284	4.0
285	6.0
286	5.0
287	5.0
288	6.0
289	4.0
290	6.0
291	4.0
292	5.0
293	4.0
294	6.0
295	5.0
296	5.0
297	5.0
298	5.0
299	5.0
300	5.0
301	5.0
302	5.0
303	8.0
304	5.0
305	6.0
306	5.0
307	5.0
308	6.0
309	6.0
310	6.0
311	6.0
312	6.0
313	6.0
314	4.0
315	6.0
316	4.0
317	4.0
318	5.0
319	5.0
320	6.0
321	4.0
322	5.0
323	6.0
324	5.0
325	5.0
326	4.0
327	4.0
328	4.0
329	4.0
330	6.0
331	5.0
332	5.0
333	4.0
334	4.0
335	6.0
336	5.0
337	5.0
338	5.0
339	7.0
340	6.0
341	5.0
342	4.0
343	6.0
344	5.0
345	5.0
346	6.0
347	6.0
348	5.0
349	4.0
350	7.0
351	4.0
352	6.0
353	5.0
354	4.0
355	5.0
356	5.0
357	5.0
358	4.0
359	5.0
360	5.0
361	5.0
362	4.0
363	6.0
364	5.0
365	6.0
366	4.0
367	7.0
368	5.0
369	7.0
370	5.0
371	5.0
372	6.0
373	6.0
374	4.0
375	6.0
376	3.0
377	5.0
378	5.0
379	5.0
380	5.0
381	6.0
382	5.0
383	6.0
384	5.0
385	6.0
386	5.0
387	4.0
388	5.0
389	4.0
390	4.0
391	4.0
392	5.0
393	6.0
394	5.0
395	6.0
396	5.0
397	6.0
398	7.0
399	4.0
400	6.0
401	5.0
402	5.0
403	3.0
404	5.0
405	5.0
406	7.0
407	6.0
408	6.0
409	4.0
410	6.0
411	5.0
412	4.0
413	4.0
414	5.0
415	6.0
416	5.0
417	5.0
418	6.0
419	5.0
420	6.0
421	6.0
422	5.0
423	5.0
424	6.0
425	5.0
426	6.0
427	5.0
428	7.0
429	6.0
430	6.0
431	5.0
432	5.0
433	5.0
434	5.0
435	4.0
436	5.0
437	6.0
438	4.0
439	6.0
440	5.0
441	5.0
442	4.0
443	5.0
444	5.0
445	5.0
446	6.0
447	4.0
448	4.0
449	4.0
450	8.0
451	4.0
452	5.0
453	5.0
454	4.0
455	5.0
456	5.0
457	4.0
458	6.0
459	4.0
460	6.0
461	5.0
462	6.0
463	4.0
464	5.0
465	5.0
466	5.0
467	5.0
468	4.0
469	6.0
470	6.0
471	6.0
472	7.0
473	7.0
474	5.0
475	6.0
476	5.0
477	5.0
478	5.0
479	5.0
480	7.0
481	5.0
482	5.0
483	6.0
484	4.0
485	6.0
486	4.0
487	5.0
488	7.0
489	6.0
490	5.0
491	6.0
492	6.0
493	3.0
494	5.0
495	4.0
496	8.0
497	5.0
498	4.0
499	4.0
500	5.0
501	5.0
502	3.0
503	5.0
504	4.0
505	7.0
506	5.0
507	7.0
508	5.0
509	4.0
510	4.0
511	5.0
512	4.0
513	3.0
514	4.0
515	5.0
516	6.0
517	7.0
518	6.0
519	6.0
520	6.0
521	4.0
522	4.0
523	5.0
524	5.0
525	5.0
526	5.0
527	5.0
528	5.0
529	6.0
530	5.0
531	5.0
532	8.0
533	5.0
534	4.0
535	5.0
536	4.0
537	5.0
538	5.0
539	6.0
540	5.0
541	5.0
542	4.0
543	6.0
544	5.0
545	6.0
546	5.0
547	4.0
548	6.0
549	5.0
550	5.0
551	6.0
552	3.0
553	4.0
554	6.0
555	5.0
556	6.0
557	4.0
558	6.0
559	5.0
560	3.0
561	5.0
562	5.0
563	6.0
564	5.0
565	6.0
566	5.0
567	6.0
568	5.0
569	5.0
570	5.0
571	5.0
572	6.0
573	4.0
574	6.0
575	8.0
576	4.0
577	4.0
578	6.0
579	3.0
580	7.0
581	6.0
582	4.0
583	6.0
584	7.0
585	4.0
586	4.0
587	5.0
588	5.0
589	7.0
590	6.0
591	5.0
592	5.0
593	6.0
594	6.0
595	7.0
596	4.0
597	6.0
598	6.0
599	6.0
600	5.0
601	5.0
602	5.0
603	6.0
604	5.0
605	6.0
606	5.0
607	5.0
608	7.0
609	4.0
610	5.0
611	4.0
612	7.0
613	5.0
614	6.0
615	5.0
616	7.0
617	4.0
618	5.0
619	5.0
620	4.0
621	4.0
622	4.0
623	4.0
624	5.0
625	6.0
626	5.0
627	5.0
628	6.0
629	6.0
630	4.0
631	6.0
632	7.0
633	4.0
634	7.0
635	5.0
636	4.0
637	4.0
638	4.0
639	5.0
640	6.0
641	5.0
642	5.0
643	5.0
644	6.0
645	5.0
646	6.0
647	4.0
648	7.0
649	6.0
650	5.0
651	4.0
652	6.0
653	5.0
654	5.0
655	4.0
656	4.0
657	5.0
658	6.0
659	5.0
660	5.0
661	6.0
662	4.0
663	7.0
664	5.0
665	4.0
666	5.0
667	5.0
668	5.0
669	6.0
670	5.0
671	6.0
672	6.0
673	5.0
674	6.0
675	7.0
676	4.0
677	6.0
678	5.0
679	5.0
680	8.0
681	5.0
682	5.0
683	6.0
684	6.0
685	6.0
686	5.0
687	6.0
688	5.0
689	6.0
690	5.0
691	4.0
692	5.0
693	5.0
694	4.0
695	6.0
696	5.0
697	5.0
698	5.0
699	5.0
700	6.0
701	5.0
702	5.0
703	5.0
704	4.0
705	6.0
706	5.0
707	6.0
708	6.0
709	6.0
710	5.0
711	5.0
712	5.0
713	6.0
714	5.0
715	7.0
716	4.0
717	5.0
718	4.0
719	6.0
720	5.0
721	5.0
722	5.0
723	5.0
724	6.0
725	6.0
726	4.0
727	6.0
728	5.0
729	5.0
730	4.0
731	6.0
732	7.0
733	4.0
734	5.0
735	5.0
736	4.0
737	6.0
738	6.0
739	5.0
740	5.0
741	5.0
742	6.0
743	5.0
744	5.0
745	4.0
746	4.0
747	4.0
748	4.0
749	5.0
750	5.0
751	5.0
752	4.0
753	6.0
754	5.0
755	5.0
756	6.0
757	5.0
758	5.0
759	4.0
760	6.0
761	5.0
762	6.0
763	5.0
764	6.0
765	4.0
766	6.0
767	4.0
768	6.0
769	4.0
770	4.0
771	6.0
772	5.0
773	6.0
774	6.0
775	6.0
776	4.0
777	5.0
778	6.0
779	5.0
780	5.0
781	7.0
782	5.0
783	5.0
784	5.0
785	4.0
786	5.0
787	6.0
788	5.0
789	6.0
790	5.0
791	6.0
792	6.0
793	5.0
794	5.0
795	5.0
796	5.0
797	5.0
798	6.0
799	6.0
800	6.0
801	6.0
802	6.0
803	5.0
804	8.0
805	5.0
806	6.0
807	6.0
808	7.0
809	5.0
810	5.0
811	6.0
812	7.0
813	6.0
814	5.0
815	4.0
816	6.0
817	5.0
818	4.0
819	5.0
820	5.0
821	6.0
822	7.0
823	5.0
824	4.0
825	6.0
826	5.0
827	6.0
828	5.0
829	5.0
830	4.0
831	5.0
832	5.0
833	4.0
834	5.0
835	6.0
836	5.0
837	5.0
838	7.0
839	6.0
840	6.0
841	6.0
842	5.0
843	6.0
844	7.0
845	4.0
846	5.0
847	6.0
848	5.0
849	5.0
850	6.0
851	5.0
852	5.0
853	8.0
854	6.0
855	6.0
856	6.0
857	4.0
858	5.0
859	6.0
860	6.0
861	6.0
862	5.0
863	4.0
864	5.0
865	4.0
866	4.0
867	6.0
868	5.0
869	5.0
870	4.0
871	4.0
872	5.0
873	5.0
874	5.0
875	4.0
876	5.0
877	6.0
878	5.0
879	6.0
880	5.0
881	5.0
882	5.0
883	4.0
884	5.0
885	6.0
886	5.0
887	6.0
888	5.0
889	5.0
890	4.0
891	6.0
892	5.0
893	4.0
894	4.0
895	4.0
896	4.0
897	6.0
898	5.0
899	6.0
900	5.0
901	5.0
902	7.0
903	4.0
904	5.0
905	6.0
906	5.0
907	6.0
908	6.0
909	5.0
910	7.0
911	5.0
912	5.0
913	5.0
914	5.0
915	7.0
916	7.0
917	5.0
918	5.0
919	6.0
920	4.0
921	5.0
922	5.0
923	5.0
924	5.0
925	5.0
926	5.0
927	6.0
928	5.0
929	5.0
930	5.0
931	4.0
932	8.0
933	5.0
934	6.0
935	5.0
936	5.0
937	6.0
938	5.0
939	6.0
940	4.0
941	5.0
942	7.0
943	5.0
944	6.0
945	6.0
946	6.0
947	6.0
948	7.0
949	4.0
950	5.0
951	5.0
952	4.0
953	6.0
954	7.0
955	5.0
956	4.0
957	8.0
958	6.0
959	5.0
960	5.0
961	5.0
962	5.0
963	6.0
964	5.0
965	5.0
966	5.0
967	6.0
968	5.0
969	6.0
970	6.0
971	5.0
972	6.0
973	4.0
974	7.0
975	4.0
976	5.0
977	6.0
978	6.0
979	4.0
980	5.0
981	5.0
982	6.0
983	4.0
984	5.0
985	5.0
986	4.0
987	5.0
988	5.0
989	6.0
990	5.0
991	5.0
992	4.0
993	4.0
994	5.0
995	4.0
996	5.0
997	4.0
998	5.0
999	5.0
1000	4.0
1001	5.0
1002	4.0
1003	4.0
1004	4.0
1005	5.0
1006	5.0
1007	6.0
1008	5.0
1009	4.0
1010	5.0
1011	4.0
1012	6.0
1013	6.0
1014	5.0
1015	4.0
1016	6.0
1017	4.0
1018	5.0
1019	6.0
1020	6.0
1021	5.0
1022	6.0
1023	4.0
1024	4.0
1025	7.0
1026	8.0
1027	5.0
1028	6.0
1029	4.0
1030	5.0
1031	6.0
1032	4.0
1033	7.0
1034	4.0
1035	5.0
1036	5.0
1037	6.0
1038	5.0
1039	8.0
1040	4.0
1041	5.0
1042	6.0
1043	5.0
1044	4.0
1045	6.0
1046	6.0
1047	6.0
1048	6.0
1049	4.0
1050	3.0
1051	4.0
1052	5.0
1053	5.0
1054	5.0
1055	5.0
1056	4.0
1057	6.0
1058	3.0
1059	5.0
1060	4.0
1061	5.0
1062	5.0
1063	5.0
1064	4.0
1065	4.0
1066	6.0
1067	4.0
1068	6.0
1069	6.0
1070	6.0
1071	5.0
1072	5.0
1073	6.0
1074	4.0
1075	5.0
1076	5.0
1077	7.0
1078	5.0
1079	4.0
1080	4.0
1081	5.0
1082	4.0
1083	5.0
1084	6.0
1085	6.0
1086	5.0
1087	6.0
1088	5.0
1089	6.0
1090	5.0
1091	8.0
1092	4.0
1093	5.0
1094	5.0
1095	4.0
1096	6.0
1097	5.0
1098	5.0
1099	7.0
1100	4.0
1101	5.0
1102	4.0
1103	6.0
1104	5.0
1105	5.0
1106	5.0
1107	6.0
1108	4.0
1109	6.0
1110	6.0
1111	5.0
1112	5.0
1113	6.0
1114	4.0
1115	4.0
1116	7.0
1117	6.0
1118	6.0
1119	4.0
1120	6.0
1121	5.0
1122	7.0
1123	5.0
1124	5.0
1125	4.0
1126	5.0
1127	4.0
1128	5.0
1129	6.0
1130	5.0
1131	6.0
1132	5.0
1133	5.0
1134	4.0
1135	5.0
1136	4.0
1137	8.0
1138	5.0
1139	4.0
1140	5.0
1141	6.0
1142	6.0
1143	3.0
1144	6.0
1145	4.0
1146	5.0
1147	6.0
1148	4.0
1149	5.0
1150	5.0
1151	5.0
1152	4.0
1153	4.0
1154	4.0
1155	5.0
1156	6.0
1157	6.0
1158	8.0
1159	4.0
1160	5.0
1161	5.0
1162	6.0
1163	6.0
1164	5.0
1165	5.0
1166	4.0
1167	5.0
1168	5.0
1169	5.0
1170	5.0
1171	5.0
1172	6.0
1173	6.0
1174	4.0
1175	4.0
1176	6.0
1177	5.0
1178	5.0
1179	6.0
1180	7.0
1181	4.0
1182	5.0
1183	4.0
1184	5.0
1185	5.0
1186	6.0
1187	6.0
1188	6.0
1189	6.0
1190	5.0
1191	3.0
1192	6.0
1193	5.0
1194	7.0
1195	5.0
1196	4.0
1197	6.0
1198	5.0
1199	4.0
1200	5.0
1201	5.0
1202	5.0
1203	4.0
1204	6.0
1205	7.0
1206	7.0
1207	6.0
1208	6.0
1209	5.0
1210	4.0
1211	4.0
1212	5.0
1213	5.0
1214	7.0
1215	5.0
1216	6.0
1217	6.0
1218	5.0
1219	5.0
1220	5.0
1221	6.0
1222	6.0
1223	5.0
1224	5.0
1225	4.0
1226	6.0
1227	4.0
1228	5.0
1229	6.0
1230	5.0
1231	5.0
1232	6.0
1233	6.0
1234	6.0
1235	4.0
1236	5.0
1237	5.0
1238	5.0
1239	5.0
1240	5.0
1241	5.0
1242	6.0
1243	4.0
1244	5.0
1245	4.0
1246	6.0
1247	7.0
1248	6.0
1249	6.0
1250	5.0
1251	5.0
1252	5.0
1253	4.0
1254	6.0
1255	5.0
1256	4.0
1257	6.0
1258	5.0
1259	5.0
1260	4.0
1261	5.0
1262	4.0
1263	7.0
1264	4.0
1265	6.0
1266	5.0
1267	4.0
1268	4.0
1269	4.0
1270	6.0
1271	5.0
1272	5.0
1273	5.0
1274	6.0
1275	5.0
1276	5.0
1277	5.0
1278	4.0
1279	5.0
1280	5.0
1281	5.0
1282	5.0
1283	6.0
1284	5.0
1285	6.0
1286	6.0
1287	5.0
1288	5.0
1289	5.0
1290	6.0
1291	5.0
1292	5.0
1293	6.0
1294	6.0
1295	6.0
1296	5.0
1297	5.0
1298	6.0
1299	6.0
1300	5.0
1301	6.0
1302	5.0
1303	6.0
1304	5.0
1305	6.0
1306	5.0
1307	6.0
1308	5.0
1309	5.0
1310	4.0
1311	5.0
1312	5.0
1313	4.0
1314	5.0
1315	5.0
1316	6.0
1317	5.0
1318	4.0
1319	6.0
1320	4.0
1321	6.0
1322	5.0
1323	5.0
1324	5.0
1325	4.0
1326	6.0
1327	5.0
1328	6.0
1329	6.0
1330	6.0
1331	4.0
1332	6.0
1333	5.0
1334	4.0
1335	5.0
1336	5.0
1337	5.0
1338	4.0
1339	5.0
1340	6.0
1341	6.0
1342	6.0
1343	6.0
1344	5.0
1345	5.0
1346	6.0
1347	6.0
1348	7.0
1349	4.0
1350	6.0
1351	4.0
1352	3.0
1353	6.0
1354	5.0
1355	6.0
1356	6.0
1357	6.0
1358	4.0
1359	5.0
1360	4.0
1361	5.0
1362	5.0
1363	5.0
1364	6.0
1365	6.0
1366	4.0
1367	5.0
1368	5.0
1369	6.0
1370	4.0
1371	3.0
1372	6.0
1373	5.0
1374	5.0
1375	5.0
1376	4.0
1377	5.0
1378	5.0
1379	5.0
1380	4.0
1381	6.0
1382	5.0
1383	5.0
1384	5.0
1385	6.0
1386	6.0
1387	5.0
1388	6.0
1389	5.0
1390	5.0
1391	5.0
1392	6.0
1393	6.0
1394	6.0
1395	6.0
1396	5.0
1397	5.0
1398	5.0
1399	5.0
1400	5.0
1401	5.0
1402	5.0
1403	5.0
1404	5.0
1405	6.0
1406	5.0
1407	4.0
1408	3.0
1409	5.0
1410	5.0
1411	5.0
1412	3.0
1413	4.0
1414	6.0
1415	5.0
1416	6.0
1417	4.0
1418	6.0
1419	6.0
1420	6.0
1421	6.0
1422	5.0
1423	4.0
1424	7.0
1425	5.0
1426	4.0
1427	5.0
1428	4.0
1429	4.0
1430	5.0
1431	5.0
1432	5.0
1433	5.0
1434	4.0
1435	5.0
1436	5.0
1437	5.0
1438	6.0
1439	5.0
1440	6.0
1441	3.0
1442	4.0
1443	6.0
1444	5.0
1445	5.0
1446	7.0
1447	4.0
1448	6.0
1449	4.0
1450	5.0
1451	4.0
1452	6.0
1453	5.0
1454	4.0
1455	6.0
1456	4.0
1457	5.0
1458	5.0
1459	5.0
1460	5.0
1461	6.0
1462	5.0
1463	4.0
1464	4.0
1465	3.0
1466	4.0
1467	5.0
1468	5.0
1469	5.0
1470	4.0
1471	5.0
1472	6.0
1473	5.0
1474	6.0
1475	6.0
1476	5.0
1477	4.0
1478	4.0
1479	5.0
1480	5.0
1481	6.0
1482	7.0
1483	5.0
1484	6.0
1485	6.0
1486	4.0
1487	4.0
1488	5.0
1489	5.0
1490	4.0
1491	5.0
1492	4.0
1493	6.0
1494	6.0
1495	4.0
1496	7.0
1497	5.0
1498	5.0
1499	5.0
1500	5.0
1501	5.0
1502	4.0
1503	5.0
1504	6.0
1505	6.0
1506	6.0
1507	5.0
1508	5.0
1509	6.0
1510	4.0
1511	6.0
1512	5.0
1513	4.0
1514	5.0
1515	4.0
1516	6.0
1517	6.0
1518	4.0
1519	7.0
1520	6.0
1521	6.0
1522	6.0
1523	4.0
1524	5.0
1525	4.0
1526	5.0
1527	4.0
1528	6.0
1529	6.0
1530	5.0
1531	4.0
1532	6.0
1533	5.0
1534	5.0
1535	5.0
1536	3.0
1537	5.0
1538	4.0
1539	6.0
1540	6.0
1541	4.0
1542	6.0
1543	4.0
1544	4.0
1545	5.0
1546	8.0
1547	4.0
1548	6.0
1549	6.0
1550	4.0
1551	4.0
1552	6.0
1553	4.0
1554	4.0
1555	5.0
1556	4.0
1557	4.0
1558	7.0
1559	6.0
1560	5.0
1561	5.0
1562	5.0
1563	6.0
1564	6.0
1565	6.0
1566	5.0
1567	6.0
1568	5.0
1569	6.0
1570	6.0
1571	6.0
1572	4.0
1573	5.0
1574	6.0
1575	6.0
1576	5.0
1577	7.0
1578	6.0
1579	5.0
1580	6.0
1581	5.0
1582	5.0
1583	5.0
1584	6.0
1585	6.0
1586	4.0
1587	5.0
1588	4.0
1589	5.0
1590	5.0
1591	6.0
1592	4.0
1593	5.0
1594	6.0
1595	5.0
1596	4.0
1597	5.0
1598	4.0
1599	7.0
1600	5.0
1601	5.0
1602	6.0
1603	5.0
1604	6.0
1605	6.0
1606	6.0
1607	5.0
1608	5.0
1609	5.0
1610	6.0
1611	3.0
1612	4.0
1613	5.0
1614	4.0
1615	5.0
1616	7.0
1617	5.0
1618	5.0
1619	7.0
1620	5.0
1621	6.0
1622	5.0
1623	5.0
1624	5.0
1625	6.0
1626	6.0
1627	4.0
1628	4.0
1629	6.0
1630	5.0
1631	4.0
1632	6.0
1633	5.0
1634	6.0
1635	5.0
1636	5.0
1637	5.0
1638	4.0
1639	4.0
1640	5.0
1641	6.0
1642	4.0
1643	5.0
1644	4.0
1645	6.0
1646	5.0
1647	6.0
1648	4.0
1649	6.0
1650	6.0
1651	6.0
1652	5.0
1653	4.0
1654	6.0
1655	7.0
1656	6.0
1657	6.0
1658	6.0
1659	4.0
1660	6.0
1661	6.0
1662	5.0
1663	7.0
1664	6.0
1665	6.0
1666	5.0
1667	4.0
1668	6.0
1669	5.0
1670	4.0
1671	4.0
1672	5.0
1673	6.0
1674	5.0
1675	4.0
1676	5.0
1677	6.0
1678	4.0
1679	5.0
1680	4.0
1681	5.0
1682	5.0
1683	6.0
1684	5.0
1685	5.0
1686	5.0
1687	5.0
1688	6.0
1689	7.0
1690	5.0
1691	6.0
1692	4.0
1693	6.0
1694	5.0
1695	5.0
1696	4.0
1697	5.0
1698	4.0
1699	6.0
1700	6.0
1701	6.0
1702	5.0
1703	4.0
1704	4.0
1705	6.0
1706	6.0
1707	6.0
1708	6.0
1709	5.0
1710	5.0
1711	5.0
1712	5.0
1713	6.0
1714	5.0
1715	4.0
1716	5.0
1717	7.0
1718	5.0
1719	6.0
1720	4.0
1721	6.0
1722	5.0
1723	6.0
1724	6.0
1725	5.0
1726	6.0
1727	5.0
1728	5.0
1729	6.0
1730	5.0
1731	5.0
1732	4.0
1733	6.0
1734	5.0
1735	5.0
1736	5.0
1737	6.0
1738	4.0
1739	5.0
1740	5.0
1741	8.0
1742	5.0
1743	5.0
1744	5.0
1745	4.0
1746	6.0
1747	5.0
1748	6.0
1749	6.0
1750	7.0
1751	5.0
1752	5.0
1753	6.0
1754	5.0
1755	3.0
1756	6.0
1757	5.0
1758	5.0
1759	6.0
1760	5.0
1761	6.0
1762	5.0
1763	5.0
1764	5.0
1765	6.0
1766	6.0
1767	6.0
1768	5.0
1769	5.0
1770	6.0
1771	4.0
1772	5.0
1773	4.0
1774	7.0
1775	4.0
1776	4.0
1777	5.0
1778	5.0
1779	5.0
1780	6.0
1781	5.0
1782	5.0
1783	6.0
1784	4.0
1785	6.0
1786	5.0
1787	5.0
1788	4.0
1789	5.0
1790	6.0
1791	4.0
1792	5.0
1793	3.0
1794	6.0
1795	5.0
1796	5.0
1797	4.0
1798	4.0
1799	6.0
1800	6.0
1801	6.0
1802	6.0
1803	5.0
1804	5.0
1805	5.0
1806	6.0
1807	5.0
1808	4.0
1809	4.0
1810	5.0
1811	5.0
1812	5.0
1813	4.0
1814	5.0
1815	6.0
1816	7.0
1817	6.0
1818	5.0
1819	5.0
1820	4.0
1821	5.0
1822	5.0
1823	6.0
1824	5.0
1825	6.0
1826	6.0
1827	5.0
1828	5.0
1829	5.0
1830	4.0
1831	5.0
1832	5.0
1833	4.0
1834	5.0
1835	6.0
1836	6.0
1837	4.0
1838	4.0
1839	6.0
1840	5.0
1841	5.0
1842	6.0
1843	4.0
1844	6.0
1845	5.0
1846	4.0
1847	4.0
1848	5.0
1849	5.0
1850	6.0
1851	4.0
1852	6.0
1853	4.0
1854	5.0
1855	4.0
1856	4.0
1857	6.0
1858	6.0
1859	5.0
1860	8.0
1861	5.0
1862	7.0
1863	6.0
1864	6.0
1865	5.0
1866	6.0
1867	6.0
1868	5.0
1869	3.0
1870	6.0
1871	4.0
1872	4.0
1873	6.0
1874	5.0
1875	4.0
1876	5.0
1877	4.0
1878	4.0
1879	4.0
1880	5.0
1881	5.0
1882	6.0
1883	6.0
1884	6.0
1885	4.0
1886	7.0
1887	5.0
1888	6.0
1889	5.0
1890	5.0
1891	6.0
1892	6.0
1893	5.0
1894	7.0
1895	5.0
1896	6.0
1897	6.0
1898	6.0
1899	5.0
1900	5.0
1901	4.0
1902	5.0
1903	4.0
1904	6.0
1905	4.0
1906	5.0
1907	5.0
1908	6.0
1909	5.0
1910	6.0
1911	5.0
1912	6.0
1913	4.0
1914	6.0
1915	6.0
1916	4.0
1917	4.0
1918	3.0
1919	5.0
1920	7.0
1921	4.0
1922	5.0
1923	6.0
1924	6.0
1925	5.0
1926	4.0
1927	5.0
1928	6.0
1929	4.0
1930	6.0
1931	5.0
1932	5.0
1933	6.0
1934	4.0
1935	5.0
1936	5.0
1937	6.0
1938	6.0
1939	5.0
1940	6.0
1941	5.0
1942	6.0
1943	6.0
1944	5.0
1945	5.0
1946	4.0
1947	6.0
1948	7.0
1949	4.0
1950	5.0
1951	5.0
1952	4.0
1953	4.0
1954	6.0
1955	6.0
1956	6.0
1957	5.0
1958	4.0
1959	3.0
1960	6.0
1961	6.0
1962	6.0
1963	6.0
1964	6.0
1965	5.0
1966	8.0
1967	5.0
1968	5.0
1969	4.0
1970	6.0
1971	5.0
1972	6.0
1973	6.0
1974	5.0
1975	4.0
1976	5.0
1977	5.0
1978	5.0
1979	4.0
1980	5.0
1981	5.0
1982	6.0
1983	6.0
1984	7.0
1985	4.0
1986	4.0
1987	7.0
1988	6.0
1989	5.0
1990	5.0
1991	4.0
1992	5.0
1993	5.0
1994	4.0
1995	5.0
1996	6.0
1997	6.0
1998	7.0
1999	7.0
2000	5.0
2001	5.0
2002	4.0
2003	5.0
2004	4.0
2005	5.0
2006	5.0
2007	7.0
2008	5.0
2009	6.0
2010	5.0
2011	4.0
2012	5.0
2013	4.0
2014	5.0
2015	5.0
2016	5.0
2017	5.0
2018	5.0
2019	4.0
2020	5.0
2021	5.0
2022	5.0
2023	5.0
2024	5.0
2025	5.0
2026	5.0
2027	4.0
2028	5.0
2029	5.0
2030	5.0
2031	5.0
2032	5.0
2033	4.0
2034	5.0
2035	6.0
2036	6.0
2037	6.0
2038	5.0
2039	4.0
2040	5.0
2041	4.0
2042	4.0
2043	4.0
2044	5.0
2045	4.0
2046	4.0
2047	4.0
2048	6.0
2049	6.0
2050	5.0
2051	5.0
2052	4.0
2053	5.0
2054	6.0
2055	6.0
2056	6.0
2057	6.0
2058	4.0
2059	7.0
2060	4.0
2061	5.0
2062	6.0
2063	7.0
2064	5.0
2065	4.0
2066	5.0
2067	5.0
2068	5.0
2069	5.0
2070	5.0
2071	5.0
2072	4.0
2073	4.0
2074	5.0
2075	4.0
2076	4.0
2077	5.0
2078	5.0
2079	5.0
2080	4.0
2081	6.0
2082	6.0
2083	5.0
2084	5.0
2085	5.0
2086	6.0
2087	5.0
2088	5.0
2089	5.0
2090	6.0
2091	5.0
2092	6.0
2093	5.0
2094	4.0
2095	5.0
2096	5.0
2097	4.0
2098	5.0
2099	4.0
2100	4.0
2101	6.0
2102	6.0
2103	4.0
2104	6.0
2105	5.0
2106	6.0
2107	7.0
2108	5.0
2109	6.0
2110	6.0
2111	5.0
2112	6.0
2113	6.0
2114	6.0
2115	5.0
2116	5.0
2117	4.0
2118	7.0
2119	5.0
2120	6.0
2121	5.0
2122	6.0
2123	5.0
2124	5.0
2125	6.0
2126	4.0
2127	6.0
2128	6.0
2129	7.0
2130	6.0
2131	4.0
2132	4.0
2133	5.0
2134	4.0
2135	4.0
2136	4.0
2137	4.0
2138	5.0
2139	6.0
2140	5.0
2141	4.0
2142	5.0
2143	4.0
2144	4.0
2145	5.0
2146	7.0
2147	4.0
2148	6.0
2149	4.0
2150	5.0
2151	4.0
2152	4.0
2153	6.0
2154	4.0
2155	5.0
2156	4.0
2157	5.0
2158	6.0
2159	5.0
2160	5.0
2161	5.0
2162	5.0
2163	5.0
2164	5.0
2165	6.0
2166	6.0
2167	6.0
2168	5.0
2169	4.0
2170	3.0
2171	5.0
2172	3.0
2173	5.0
2174	6.0
2175	5.0
2176	5.0
2177	5.0
2178	4.0
2179	6.0
2180	6.0
2181	7.0
2182	6.0
2183	6.0
2184	5.0
2185	5.0
2186	7.0
2187	5.0
2188	6.0
2189	6.0
2190	6.0
2191	5.0
2192	6.0
2193	6.0
2194	6.0
2195	6.0
2196	5.0
2197	5.0
2198	5.0
2199	5.0
2200	5.0
2201	4.0
2202	5.0
2203	5.0
2204	6.0
2205	5.0
2206	7.0
2207	5.0
2208	4.0
2209	5.0
2210	6.0
2211	5.0
2212	4.0
2213	4.0
2214	5.0
2215	5.0
2216	6.0
2217	6.0
2218	6.0
2219	5.0
2220	5.0
2221	6.0
2222	6.0
2223	5.0
2224	5.0
2225	5.0
2226	7.0
2227	5.0
2228	5.0
2229	5.0
2230	4.0
2231	6.0
2232	5.0
2233	4.0
2234	5.0
2235	5.0
2236	4.0
2237	5.0
2238	5.0
2239	6.0
2240	5.0
2241	4.0
2242	5.0
2243	4.0
2244	6.0
2245	6.0
2246	5.0
2247	7.0
2248	4.0
2249	5.0
2250	6.0
2251	5.0
2252	4.0
2253	6.0
2254	6.0
2255	5.0
2256	5.0
2257	4.0
2258	6.0
2259	6.0
2260	4.0
2261	6.0
2262	5.0
2263	6.0
2264	5.0
2265	5.0
2266	5.0
2267	6.0
2268	6.0
2269	5.0
2270	5.0
2271	6.0
2272	5.0
2273	5.0
2274	3.0
2275	7.0
2276	5.0
2277	6.0
2278	5.0
2279	6.0
2280	5.0
2281	5.0
2282	5.0
2283	5.0
2284	4.0
2285	6.0
2286	4.0
2287	5.0
2288	6.0
2289	6.0
2290	6.0
2291	6.0
2292	4.0
2293	6.0
2294	4.0
2295	6.0
2296	9.0
2297	6.0
2298	6.0
2299	6.0
2300	5.0
2301	6.0
2302	5.0
2303	6.0
2304	5.0
2305	5.0
2306	5.0
2307	6.0
2308	5.0
2309	5.0
2310	4.0
2311	5.0
2312	5.0
2313	5.0
2314	5.0
2315	5.0
2316	5.0
2317	6.0
2318	7.0
2319	4.0
2320	6.0
2321	4.0
2322	5.0
2323	5.0
2324	6.0
2325	7.0
2326	5.0
2327	6.0
2328	5.0
2329	5.0
2330	5.0
2331	5.0
2332	4.0
2333	4.0
2334	6.0
2335	6.0
2336	6.0
2337	4.0
2338	5.0
2339	5.0
2340	3.0
2341	6.0
2342	4.0
2343	5.0
2344	7.0
2345	7.0
2346	5.0
2347	5.0
2348	5.0
2349	4.0
2350	4.0
2351	6.0
2352	6.0
2353	6.0
2354	7.0
2355	5.0
2356	4.0
2357	6.0
2358	6.0
2359	5.0
2360	3.0
2361	6.0
2362	5.0
2363	5.0
2364	5.0
2365	4.0
2366	6.0
2367	5.0
2368	5.0
2369	6.0
2370	4.0
2371	4.0
2372	4.0
2373	4.0
2374	4.0
2375	4.0
2376	5.0
2377	4.0
2378	6.0
2379	4.0
2380	5.0
2381	4.0
2382	4.0
2383	5.0
2384	7.0
2385	5.0
2386	6.0
2387	5.0
2388	4.0
2389	6.0
2390	6.0
2391	5.0
2392	7.0
2393	4.0
2394	5.0
2395	6.0
2396	5.0
2397	5.0
2398	5.0
2399	5.0
2400	5.0
2401	6.0
2402	5.0
2403	7.0
2404	6.0
2405	5.0
2406	4.0
2407	6.0
2408	5.0
2409	5.0
2410	5.0
2411	6.0
2412	4.0
2413	4.0
2414	6.0
2415	6.0
2416	4.0
2417	5.0
2418	4.0
2419	6.0
2420	5.0
2421	6.0
2422	5.0
2423	4.0
2424	5.0
2425	6.0
2426	5.0
2427	5.0
2428	5.0
2429	7.0
2430	6.0
2431	7.0
2432	5.0
2433	5.0
2434	5.0
2435	4.0
2436	4.0
2437	4.0
2438	5.0
2439	4.0
2440	5.0
2441	6.0
2442	6.0
2443	5.0
2444	4.0
2445	6.0
2446	7.0
2447	5.0
2448	7.0
2449	5.0
2450	6.0
2451	4.0
2452	6.0
2453	5.0
2454	4.0
2455	6.0
2456	6.0
2457	5.0
2458	5.0
2459	5.0
2460	5.0
2461	6.0
2462	5.0
2463	5.0
2464	5.0
2465	6.0
2466	3.0
2467	5.0
2468	4.0
2469	4.0
2470	5.0
2471	6.0
2472	5.0
2473	6.0
2474	6.0
2475	6.0
2476	4.0
2477	5.0
2478	5.0
2479	5.0
2480	5.0
2481	5.0
2482	9.0
2483	5.0
2484	6.0
2485	6.0
2486	6.0
2487	4.0
2488	5.0
2489	5.0
2490	5.0
2491	5.0
2492	4.0
2493	5.0
2494	6.0
2495	5.0
2496	4.0
2497	6.0
2498	5.0
2499	4.0
2500	4.0
2501	6.0
2502	7.0
2503	4.0
2504	5.0
2505	6.0
2506	5.0
2507	5.0
2508	4.0
2509	4.0
2510	5.0
2511	5.0
2512	5.0
2513	6.0
2514	4.0
2515	5.0
2516	5.0
2517	4.0
2518	6.0
2519	3.0
2520	4.0
2521	4.0
2522	5.0
2523	5.0
2524	6.0
2525	7.0
2526	3.0
2527	5.0
2528	5.0
2529	4.0
2530	6.0
2531	5.0
2532	6.0
2533	5.0
2534	5.0
2535	5.0
2536	5.0
2537	6.0
2538	5.0
2539	5.0
2540	6.0
2541	7.0
2542	5.0
2543	6.0
2544	4.0
2545	5.0
2546	6.0
2547	5.0
2548	6.0
2549	6.0
2550	6.0
2551	4.0
2552	6.0
2553	5.0
2554	4.0
2555	3.0
2556	5.0
2557	4.0
2558	4.0
2559	6.0
2560	5.0
2561	6.0
2562	6.0
2563	6.0
2564	5.0
2565	4.0
2566	5.0
2567	4.0
2568	7.0
2569	5.0
2570	5.0
2571	4.0
2572	5.0
2573	4.0
2574	4.0
2575	6.0
2576	5.0
2577	7.0
2578	4.0
2579	5.0
2580	6.0
2581	6.0
2582	7.0
2583	5.0
2584	4.0
2585	6.0
2586	6.0
2587	5.0
2588	5.0
2589	5.0
2590	6.0
2591	5.0
2592	6.0
2593	6.0
2594	6.0
2595	5.0
2596	5.0
2597	6.0
2598	6.0
2599	5.0
2600	5.0
2601	5.0
2602	5.0
2603	4.0
2604	4.0
2605	4.0
2606	4.0
2607	6.0
2608	6.0
2609	5.0
2610	5.0
2611	5.0
2612	5.0
2613	4.0
2614	6.0
2615	4.0
2616	6.0
2617	4.0
2618	6.0
2619	6.0
2620	5.0
2621	6.0
2622	6.0
2623	6.0
2624	5.0
2625	6.0
2626	5.0
2627	5.0
2628	4.0
2629	5.0
2630	5.0
2631	7.0
2632	5.0
2633	5.0
2634	5.0
2635	6.0
2636	5.0
2637	5.0
2638	5.0
2639	7.0
2640	5.0
2641	6.0
2642	7.0
2643	6.0
2644	5.0
2645	6.0
2646	6.0
2647	5.0
2648	6.0
2649	5.0
2650	8.0
2651	6.0
2652	5.0
2653	6.0
2654	4.0
2655	5.0
2656	5.0
2657	4.0
2658	5.0
2659	5.0
2660	5.0
2661	4.0
2662	5.0
2663	5.0
2664	6.0
2665	5.0
2666	5.0
2667	5.0
2668	5.0
2669	5.0
2670	4.0
2671	6.0
2672	4.0
2673	4.0
2674	4.0
2675	5.0
2676	4.0
2677	5.0
2678	5.0
2679	5.0
2680	6.0
2681	5.0
2682	7.0
2683	6.0
2684	4.0
2685	4.0
2686	5.0
2687	5.0
2688	6.0
2689	4.0
2690	5.0
2691	5.0
2692	4.0
2693	6.0
2694	5.0
2695	6.0
2696	4.0
2697	5.0
2698	5.0
2699	5.0
2700	6.0
2701	5.0
2702	5.0
2703	4.0
2704	6.0
2705	6.0
2706	4.0
2707	4.0
2708	6.0
2709	6.0
2710	6.0
2711	4.0
2712	4.0
2713	4.0
2714	5.0
2715	6.0
2716	5.0
2717	5.0
2718	4.0
2719	5.0
2720	6.0
2721	6.0
2722	5.0
2723	4.0
2724	6.0
2725	4.0
2726	5.0
2727	6.0
2728	5.0
2729	6.0
2730	3.0
2731	6.0
2732	5.0
2733	6.0
2734	5.0
2735	6.0
2736	6.0
2737	4.0
2738	6.0
2739	4.0
2740	4.0
2741	4.0
2742	5.0
2743	6.0
2744	6.0
2745	5.0
2746	6.0
2747	5.0
2748	6.0
2749	6.0
2750	5.0
2751	7.0
2752	5.0
2753	6.0
2754	5.0
2755	4.0
2756	4.0
2757	4.0
2758	6.0
2759	5.0
2760	6.0
2761	6.0
2762	6.0
2763	4.0
2764	6.0
2765	5.0
2766	4.0
2767	5.0
2768	6.0
2769	5.0
2770	6.0
2771	6.0
2772	4.0
2773	5.0
2774	5.0
2775	6.0
2776	4.0
2777	6.0
2778	4.0
2779	6.0
2780	5.0
2781	5.0
2782	5.0
2783	4.0
2784	5.0
2785	5.0
2786	6.0
2787	4.0
2788	5.0
2789	6.0
2790	4.0
2791	6.0
2792	5.0
2793	4.0
2794	4.0
2795	5.0
2796	6.0
2797	6.0
2798	4.0
2799	4.0
2800	5.0
2801	5.0
2802	5.0
2803	6.0
2804	5.0
2805	4.0
2806	5.0
2807	4.0
2808	6.0
2809	5.0
2810	5.0
2811	4.0
2812	4.0
2813	5.0
2814	5.0
2815	5.0
2816	5.0
2817	6.0
2818	5.0
2819	4.0
2820	4.0
2821	5.0
2822	5.0
2823	6.0
2824	5.0
2825	5.0
2826	5.0
2827	4.0
2828	6.0
2829	5.0
2830	4.0
2831	6.0
2832	6.0
2833	5.0
2834	4.0
2835	4.0
2836	6.0
2837	5.0
2838	5.0
2839	4.0
2840	5.0
2841	6.0
2842	5.0
2843	5.0
2844	7.0
2845	5.0
2846	4.0
2847	6.0
2848	5.0
2849	5.0
2850	5.0
2851	5.0
2852	5.0
2853	6.0
2854	6.0
2855	5.0
2856	5.0
2857	5.0
2858	6.0
2859	5.0
2860	5.0
2861	5.0
2862	4.0
2863	4.0
2864	5.0
2865	6.0
2866	5.0
2867	6.0
2868	6.0
2869	6.0
2870	6.0
2871	6.0
2872	3.0
2873	4.0
2874	5.0
2875	4.0
2876	5.0
2877	5.0
2878	5.0
2879	4.0
2880	5.0
2881	4.0
2882	6.0
2883	6.0
2884	6.0
2885	5.0
2886	6.0
2887	4.0
2888	4.0
2889	6.0
2890	7.0
2891	5.0
2892	5.0
2893	6.0
2894	5.0
2895	5.0
2896	5.0
2897	5.0
2898	5.0
2899	4.0
2900	5.0
2901	4.0
2902	5.0
2903	4.0
2904	5.0
2905	5.0
2906	5.0
2907	5.0
2908	6.0
2909	5.0
2910	4.0
2911	5.0
2912	5.0
2913	5.0
2914	5.0
2915	6.0
2916	6.0
2917	5.0
2918	4.0
2919	6.0
2920	6.0
2921	6.0
2922	6.0
2923	5.0
2924	6.0
2925	5.0
2926	6.0
2927	4.0
2928	4.0
2929	5.0
2930	6.0
2931	4.0
2932	6.0
2933	5.0
2934	5.0
2935	4.0
2936	6.0
2937	6.0
2938	5.0
2939	4.0
2940	6.0
2941	4.0
2942	5.0
2943	6.0
2944	5.0
2945	5.0
2946	5.0
2947	6.0
2948	6.0
2949	5.0
2950	6.0
2951	5.0
2952	5.0
2953	5.0
2954	5.0
2955	5.0
2956	4.0
2957	6.0
2958	5.0
2959	7.0
2960	6.0
2961	4.0
2962	5.0
2963	5.0
2964	5.0
2965	5.0
2966	6.0
2967	5.0
2968	4.0
2969	6.0
2970	5.0
2971	6.0
2972	6.0
2973	5.0
2974	6.0
2975	4.0
2976	5.0
2977	5.0
2978	6.0
2979	4.0
2980	6.0
2981	5.0
2982	6.0
2983	5.0
2984	9.0
2985	5.0
2986	6.0
2987	4.0
2988	5.0
2989	5.0
2990	5.0
2991	5.0
2992	6.0
2993	5.0
2994	5.0
2995	7.0
2996	5.0
2997	6.0
2998	6.0
2999	6.0
3000	5.0
3001	4.0
3002	4.0
3003	6.0
3004	6.0
3005	4.0
3006	5.0
3007	5.0
3008	5.0
3009	6.0
3010	5.0
3011	5.0
3012	6.0
3013	5.0
3014	4.0
3015	5.0
3016	5.0
3017	6.0
3018	6.0
3019	4.0
3020	6.0
3021	5.0
3022	4.0
3023	6.0
3024	5.0
3025	5.0
3026	5.0
3027	4.0
3028	5.0
3029	4.0
3030	5.0
3031	5.0
3032	5.0
3033	4.0
3034	5.0
3035	6.0
3036	6.0
3037	6.0
3038	6.0
3039	4.0
3040	5.0
3041	5.0
3042	5.0
3043	6.0
3044	5.0
3045	5.0
3046	6.0
3047	5.0
3048	5.0
3049	5.0
3050	6.0
3051	7.0
3052	5.0
3053	6.0
3054	5.0
3055	6.0
3056	6.0
3057	6.0
3058	6.0
3059	6.0
3060	4.0
3061	5.0
3062	5.0
3063	4.0
3064	5.0
3065	5.0
3066	7.0
3067	6.0
3068	6.0
3069	5.0
3070	4.0
3071	5.0
3072	6.0
3073	5.0
3074	6.0
3075	7.0
3076	5.0
3077	5.0
3078	5.0
3079	5.0
3080	5.0
3081	4.0
3082	5.0
3083	6.0
3084	5.0
3085	4.0
3086	4.0
3087	6.0
3088	5.0
3089	4.0
3090	6.0
3091	6.0
3092	5.0
3093	5.0
3094	5.0
3095	4.0
3096	5.0
3097	4.0
3098	5.0
3099	7.0
3100	5.0
3101	5.0
3102	5.0
3103	6.0
3104	6.0
3105	4.0
3106	7.0
3107	6.0
3108	5.0
3109	7.0
3110	4.0
3111	4.0
3112	5.0
3113	5.0
3114	6.0
3115	5.0
3116	5.0
3117	6.0
3118	5.0
3119	6.0
3120	5.0
3121	5.0
3122	6.0
3123	6.0
3124	5.0
3125	4.0
3126	6.0
3127	5.0
3128	5.0
3129	4.0
3130	5.0
3131	5.0
3132	5.0
3133	4.0
3134	5.0
3135	5.0
3136	5.0
3137	6.0
3138	5.0
3139	6.0
3140	5.0
3141	6.0
3142	6.0
3143	5.0
3144	5.0
3145	5.0
3146	6.0
3147	4.0
3148	6.0
3149	4.0
3150	5.0
3151	6.0
3152	6.0
3153	5.0
3154	4.0
3155	5.0
3156	5.0
3157	4.0
3158	3.0
3159	4.0
3160	4.0
3161	6.0
3162	5.0
3163	4.0
3164	5.0
3165	4.0
3166	5.0
3167	6.0
3168	4.0
3169	5.0
3170	6.0
3171	4.0
3172	4.0
3173	5.0
3174	5.0
3175	5.0
3176	5.0
3177	4.0
3178	5.0
3179	7.0
3180	5.0
3181	5.0
3182	5.0
3183	4.0
3184	4.0
3185	5.0
3186	6.0
3187	6.0
3188	5.0
3189	3.0
3190	6.0
3191	5.0
3192	6.0
3193	6.0
3194	5.0
3195	6.0
3196	4.0
3197	5.0
3198	5.0
3199	5.0
3200	5.0
3201	7.0
3202	4.0
3203	3.0
3204	6.0
3205	5.0
3206	5.0
3207	5.0
3208	6.0
3209	5.0
3210	5.0
3211	4.0
3212	6.0
3213	5.0
3214	4.0
3215	5.0
3216	5.0
3217	6.0
3218	4.0
3219	4.0
3220	4.0
3221	5.0
3222	5.0
3223	5.0
3224	6.0
3225	5.0
3226	5.0
3227	6.0
3228	4.0
3229	6.0
3230	5.0
3231	6.0
3232	7.0
3233	4.0
3234	5.0
3235	5.0
3236	5.0
3237	6.0
3238	4.0
3239	4.0
3240	5.0
3241	6.0
3242	4.0
3243	4.0
3244	6.0
3245	6.0
3246	4.0
3247	5.0
3248	4.0
3249	6.0
3250	5.0
3251	7.0
3252	4.0
3253	4.0
3254	6.0
3255	5.0
3256	5.0
3257	5.0
3258	5.0
3259	6.0
3260	5.0
3261	5.0
3262	4.0
3263	5.0
3264	6.0
3265	5.0
3266	4.0
3267	5.0
3268	6.0
3269	5.0
3270	4.0
3271	5.0
3272	4.0
3273	5.0
3274	4.0
3275	4.0
3276	4.0
3277	6.0
3278	5.0
3279	5.0
3280	6.0
3281	5.0
3282	6.0
3283	5.0
3284	4.0
3285	5.0
3286	5.0
3287	5.0
3288	6.0
3289	6.0
3290	4.0
3291	5.0
3292	5.0
3293	6.0
3294	4.0
3295	4.0
3296	5.0
3297	5.0
3298	4.0
3299	6.0
3300	6.0
3301	5.0
3302	5.0
3303	5.0
3304	5.0
3305	5.0
3306	5.0
3307	5.0
3308	4.0
3309	6.0
3310	6.0
3311	7.0
3312	5.0
3313	5.0
3314	4.0
3315	5.0
3316	4.0
3317	5.0
3318	5.0
3319	5.0
3320	5.0
3321	5.0
3322	6.0
3323	4.0
3324	5.0
3325	5.0
3326	5.0
3327	5.0
3328	4.0
3329	5.0
3330	6.0
3331	6.0
3332	6.0
3333	5.0
3334	8.0
3335	5.0
3336	5.0
3337	4.0
3338	6.0
3339	5.0
3340	6.0
3341	7.0
3342	4.0
3343	6.0
3344	5.0
3345	4.0
3346	5.0
3347	6.0
3348	5.0
3349	4.0
3350	5.0
3351	5.0
3352	5.0
3353	6.0
3354	4.0
3355	6.0
3356	5.0
3357	5.0
3358	6.0
3359	5.0
3360	5.0
3361	5.0
3362	5.0
3363	6.0
3364	5.0
3365	5.0
3366	4.0
3367	6.0
3368	5.0
3369	5.0
3370	4.0
3371	5.0
3372	3.0
3373	4.0
3374	6.0
3375	5.0
3376	6.0
3377	5.0
3378	4.0
3379	4.0
3380	5.0
3381	5.0
3382	4.0
3383	5.0
3384	7.0
3385	5.0
3386	4.0
3387	5.0
3388	4.0
3389	5.0
3390	5.0
3391	5.0
3392	5.0
3393	6.0
3394	4.0
3395	4.0
3396	4.0
3397	6.0
3398	4.0
3399	5.0
3400	6.0
3401	4.0
3402	6.0
3403	6.0
3404	6.0
3405	5.0
3406	7.0
3407	4.0
3408	5.0
3409	4.0
3410	5.0
3411	5.0
3412	5.0
3413	5.0
3414	4.0
3415	5.0
3416	6.0
3417	6.0
3418	5.0
3419	6.0
3420	4.0
3421	5.0
3422	5.0
3423	5.0
3424	5.0
3425	6.0
3426	5.0
3427	5.0
3428	4.0
3429	5.0
3430	5.0
3431	5.0
3432	6.0
3433	5.0
3434	5.0
3435	7.0
3436	5.0
3437	6.0
3438	7.0
3439	5.0
3440	5.0
3441	5.0
3442	5.0
3443	4.0
3444	6.0
3445	4.0
3446	5.0
3447	6.0
3448	7.0
3449	4.0
3450	5.0
3451	6.0
3452	4.0
3453	4.0
3454	5.0
3455	4.0
3456	4.0
3457	4.0
3458	4.0
3459	4.0
3460	6.0
3461	5.0
3462	6.0
3463	6.0
3464	6.0
3465	5.0
3466	5.0
3467	5.0
3468	5.0
3469	7.0
3470	5.0
3471	5.0
3472	5.0
3473	5.0
3474	5.0
3475	5.0
3476	5.0
3477	6.0
3478	6.0
3479	6.0
3480	5.0
3481	4.0
3482	5.0
3483	5.0
3484	5.0
3485	5.0
3486	6.0
3487	5.0
3488	6.0
3489	6.0
3490	6.0
3491	5.0
3492	5.0
3493	5.0
3494	5.0
3495	5.0
3496	4.0
3497	4.0
3498	3.0
3499	4.0
3500	7.0
3501	6.0
3502	6.0
3503	6.0
3504	5.0
3505	5.0
3506	5.0
3507	4.0
3508	5.0
3509	4.0
3510	7.0
3511	5.0
3512	5.0
3513	5.0
3514	5.0
3515	6.0
3516	6.0
3517	3.0
3518	6.0
3519	7.0
3520	4.0
3521	4.0
3522	5.0
3523	5.0
3524	4.0
3525	6.0
3526	6.0
3527	5.0
3528	6.0
3529	6.0
3530	5.0
3531	5.0
3532	4.0
3533	5.0
3534	5.0
3535	6.0
3536	6.0
3537	6.0
3538	7.0
3539	5.0
3540	5.0
3541	6.0
3542	4.0
3543	6.0
3544	6.0
3545	6.0
3546	4.0
3547	6.0
3548	4.0
3549	5.0
3550	6.0
3551	5.0
3552	6.0
3553	4.0
3554	6.0
3555	6.0
3556	6.0
3557	5.0
3558	5.0
3559	6.0
3560	6.0
3561	5.0
3562	4.0
3563	5.0
3564	4.0
3565	4.0
3566	5.0
3567	5.0
3568	6.0
3569	4.0
3570	6.0
3571	6.0
3572	7.0
3573	5.0
3574	5.0
3575	4.0
3576	6.0
3577	5.0
3578	4.0
3579	6.0
3580	5.0
3581	5.0
3582	5.0
3583	4.0
3584	5.0
3585	4.0
3586	6.0
3587	5.0
3588	6.0
3589	5.0
3590	6.0
3591	5.0
3592	5.0
3593	5.0
3594	6.0
3595	5.0
3596	4.0
3597	5.0
3598	5.0
3599	5.0
3600	4.0
3601	5.0
3602	5.0
3603	7.0
3604	5.0
3605	6.0
3606	6.0
3607	6.0
3608	5.0
3609	4.0
3610	4.0
3611	4.0
3612	5.0
3613	6.0
3614	6.0
3615	5.0
3616	6.0
3617	4.0
3618	5.0
3619	4.0
3620	6.0
3621	6.0
3622	6.0
3623	7.0
3624	4.0
3625	5.0
3626	5.0
3627	5.0
3628	5.0
3629	6.0
3630	5.0
3631	5.0
3632	5.0
3633	6.0
3634	4.0
3635	4.0
3636	6.0
3637	5.0
3638	5.0
3639	9.0
3640	5.0
3641	4.0
3642	6.0
3643	5.0
3644	5.0
3645	6.0
3646	5.0
3647	5.0
3648	5.0
3649	5.0
3650	6.0
3651	5.0
3652	5.0
3653	3.0
3654	5.0
3655	6.0
3656	4.0
3657	4.0
3658	6.0
3659	6.0
3660	5.0
3661	5.0
3662	5.0
3663	5.0
3664	6.0
3665	5.0
3666	5.0
3667	4.0
3668	5.0
3669	5.0
3670	5.0
3671	5.0
3672	6.0
3673	5.0
3674	4.0
3675	5.0
3676	5.0
3677	6.0
3678	5.0
3679	4.0
3680	5.0
3681	6.0
3682	5.0
3683	6.0
3684	4.0
3685	4.0
3686	5.0
3687	5.0
3688	6.0
3689	3.0
3690	7.0
3691	4.0
3692	6.0
3693	4.0
3694	6.0
3695	4.0
3696	6.0
3697	6.0
3698	6.0
3699	6.0
3700	5.0
3701	5.0
3702	5.0
3703	5.0
3704	7.0
3705	6.0
3706	5.0
3707	6.0
3708	5.0
3709	4.0
3710	5.0
3711	5.0
3712	5.0
3713	4.0
3714	6.0
3715	5.0
3716	6.0
3717	6.0
3718	6.0
3719	4.0
3720	5.0
3721	5.0
3722	5.0
3723	5.0
3724	5.0
3725	5.0
3726	4.0
3727	5.0
3728	6.0
3729	6.0
3730	6.0
3731	5.0
3732	6.0
3733	5.0
3734	5.0
3735	4.0
3736	4.0
3737	7.0
3738	7.0
3739	4.0
3740	5.0
3741	5.0
3742	4.0
3743	5.0
3744	5.0
3745	4.0
3746	6.0
3747	5.0
3748	5.0
3749	5.0
3750	6.0
3751	5.0
3752	6.0
3753	6.0
3754	4.0
3755	6.0
3756	5.0
3757	5.0
3758	5.0
3759	5.0
3760	6.0
3761	5.0
3762	6.0
3763	4.0
3764	4.0
3765	4.0
3766	5.0
3767	6.0
3768	5.0
3769	4.0
3770	6.0
3771	4.0
3772	5.0
3773	5.0
3774	5.0
3775	5.0
3776	5.0
3777	5.0
3778	3.0
3779	4.0
3780	6.0
3781	4.0
3782	7.0
3783	5.0
3784	5.0
3785	5.0
3786	4.0
3787	6.0
3788	7.0
3789	5.0
3790	6.0
3791	4.0
3792	5.0
3793	5.0
3794	5.0
3795	5.0
3796	6.0
3797	5.0
3798	5.0
3799	5.0
3800	5.0
3801	4.0
3802	5.0
3803	4.0
3804	5.0
3805	5.0
3806	5.0
3807	5.0
3808	5.0
3809	6.0
3810	5.0
3811	6.0
3812	5.0
3813	5.0
3814	6.0
3815	6.0
3816	5.0
3817	5.0
3818	6.0
3819	5.0
3820	6.0
3821	5.0
3822	6.0
3823	4.0
3824	5.0
3825	5.0
3826	6.0
3827	5.0
3828	6.0
3829	6.0
3830	4.0
3831	6.0
3832	6.0
3833	5.0
3834	5.0
3835	5.0
3836	7.0
3837	5.0
3838	6.0
3839	5.0
3840	6.0
3841	7.0
3842	5.0
3843	5.0
3844	6.0
3845	5.0
3846	5.0
3847	5.0
3848	6.0
3849	5.0
3850	6.0
3851	4.0
3852	5.0
3853	5.0
3854	4.0
3855	5.0
3856	5.0
3857	6.0
3858	4.0
3859	7.0
3860	6.0
3861	6.0
3862	7.0
3863	6.0
3864	5.0
3865	5.0
3866	6.0
3867	4.0
3868	4.0
3869	5.0
3870	6.0
3871	6.0
3872	4.0
3873	5.0
3874	6.0
3875	6.0
3876	5.0
3877	6.0
3878	5.0
3879	5.0
3880	6.0
3881	5.0
3882	6.0
3883	5.0
3884	4.0
3885	7.0
3886	5.0
3887	6.0
3888	6.0
3889	6.0
3890	5.0
3891	5.0
3892	5.0
3893	4.0
3894	5.0
3895	6.0
3896	5.0
3897	5.0
3898	5.0
3899	4.0
3900	4.0
3901	4.0
3902	5.0
3903	5.0
3904	5.0
3905	5.0
3906	4.0
3907	4.0
3908	6.0
3909	6.0
3910	5.0
3911	5.0
3912	5.0
3913	5.0
3914	5.0
3915	6.0
3916	5.0
3917	5.0
3918	5.0
3919	6.0
3920	5.0
3921	5.0
3922	5.0
3923	4.0
3924	5.0
3925	5.0
3926	6.0
3927	6.0
3928	5.0
3929	5.0
3930	6.0
3931	6.0
3932	6.0
3933	6.0
3934	5.0
3935	5.0
3936	5.0
3937	5.0
3938	6.0
3939	6.0
3940	4.0
3941	6.0
3942	3.0
3943	4.0
3944	4.0
3945	4.0
3946	5.0
3947	5.0
3948	6.0
3949	4.0
3950	5.0
3951	5.0
3952	6.0
3953	6.0
3954	6.0
3955	5.0
3956	6.0
3957	6.0
3958	5.0
3959	4.0
3960	6.0
3961	4.0
3962	4.0
3963	6.0
3964	6.0
3965	5.0
3966	5.0
3967	4.0
3968	3.0
3969	5.0
3970	4.0
3971	5.0
3972	4.0
3973	4.0
3974	4.0
3975	5.0
3976	5.0
3977	5.0
3978	4.0
3979	5.0
3980	4.0
3981	4.0
3982	6.0
3983	7.0
3984	5.0
3985	6.0
3986	5.0
3987	6.0
3988	6.0
3989	4.0
3990	6.0
3991	6.0
3992	6.0
3993	5.0
3994	4.0
3995	4.0
3996	6.0
3997	7.0
3998	5.0
3999	6.0
4000	5.0
4001	5.0
4002	4.0
4003	5.0
4004	6.0
4005	5.0
4006	4.0
4007	5.0
4008	5.0
4009	5.0
4010	6.0
4011	4.0
4012	5.0
4013	6.0
4014	6.0
4015	6.0
4016	5.0
4017	6.0
4018	5.0
4019	6.0
4020	6.0
4021	5.0
4022	5.0
4023	6.0
4024	4.0
4025	4.0
4026	7.0
4027	5.0
4028	5.0
4029	4.0
4030	5.0
4031	6.0
4032	4.0
4033	5.0
4034	5.0
4035	4.0
4036	5.0
4037	5.0
4038	4.0
4039	4.0
4040	6.0
4041	5.0
4042	4.0
4043	5.0
4044	6.0
4045	4.0
4046	4.0
4047	6.0
4048	4.0
4049	6.0
4050	6.0
4051	4.0
4052	6.0
4053	4.0
4054	4.0
4055	7.0
4056	5.0
4057	4.0
4058	5.0
4059	5.0
4060	5.0
4061	6.0
4062	6.0
4063	4.0
4064	5.0
4065	4.0
4066	6.0
4067	4.0
4068	6.0
4069	6.0
4070	5.0
4071	5.0
4072	3.0
4073	6.0
4074	6.0
4075	4.0
4076	5.0
4077	4.0
4078	5.0
4079	6.0
4080	4.0
4081	5.0
4082	5.0
4083	4.0
4084	5.0
4085	5.0
4086	4.0
4087	5.0
4088	6.0
4089	7.0
4090	4.0
4091	6.0
4092	6.0
4093	7.0
4094	5.0
4095	4.0
4096	5.0
4097	4.0
4098	5.0
4099	7.0
4100	5.0
4101	5.0
4102	4.0
4103	4.0
4104	5.0
4105	5.0
4106	5.0
4107	5.0
4108	5.0
4109	4.0
4110	5.0
4111	5.0
4112	5.0
4113	4.0
4114	6.0
4115	6.0
4116	4.0
4117	4.0
4118	4.0
4119	4.0
4120	5.0
4121	5.0
4122	5.0
4123	5.0
4124	6.0
4125	7.0
4126	4.0
4127	4.0
4128	4.0
4129	3.0
4130	6.0
4131	6.0
4132	4.0
4133	5.0
4134	5.0
4135	5.0
4136	5.0
4137	5.0
4138	5.0
4139	5.0
4140	6.0
4141	6.0
4142	6.0
4143	4.0
4144	4.0
4145	5.0
4146	7.0
4147	4.0
4148	6.0
4149	5.0
4150	5.0
4151	6.0
4152	5.0
4153	5.0
4154	5.0
4155	4.0
4156	5.0
4157	5.0
4158	6.0
4159	6.0
4160	4.0
4161	5.0
4162	5.0
4163	4.0
4164	4.0
4165	5.0
4166	5.0
4167	5.0
4168	6.0
4169	5.0
4170	5.0
4171	6.0
4172	5.0
4173	5.0
4174	5.0
4175	7.0
4176	5.0
4177	7.0
4178	4.0
4179	5.0
4180	6.0
4181	5.0
4182	4.0
4183	6.0
4184	5.0
4185	5.0
4186	5.0
4187	5.0
4188	4.0
4189	4.0
4190	7.0
4191	5.0
4192	6.0
4193	5.0
4194	5.0
4195	5.0
4196	4.0
4197	4.0
4198	6.0
4199	5.0
4200	4.0
4201	7.0
4202	6.0
4203	5.0
4204	5.0
4205	5.0
4206	6.0
4207	5.0
4208	5.0
4209	6.0
4210	4.0
4211	4.0
4212	5.0
4213	5.0
4214	4.0
4215	4.0
4216	4.0
4217	5.0
4218	6.0
4219	7.0
4220	6.0
4221	7.0
4222	6.0
4223	5.0
4224	5.0
4225	6.0
4226	5.0
4227	5.0
4228	6.0
4229	5.0
4230	5.0
4231	5.0
4232	5.0
4233	4.0
4234	6.0
4235	4.0
4236	4.0
4237	6.0
4238	4.0
4239	4.0
4240	6.0
4241	5.0
4242	6.0
4243	4.0
4244	5.0
4245	5.0
4246	5.0
4247	5.0
4248	5.0
4249	6.0
4250	4.0
4251	6.0
4252	4.0
4253	5.0
4254	4.0
4255	5.0
4256	6.0
4257	5.0
4258	5.0
4259	4.0
4260	5.0
4261	5.0
4262	5.0
4263	4.0
4264	4.0
4265	5.0
4266	4.0
4267	4.0
4268	6.0
4269	5.0
4270	4.0
4271	6.0
4272	6.0
4273	5.0
4274	6.0
4275	6.0
4276	5.0
4277	7.0
4278	5.0
4279	5.0
4280	6.0
4281	5.0
4282	4.0
4283	4.0
4284	6.0
4285	6.0
4286	4.0
4287	5.0
4288	6.0
4289	6.0
4290	5.0
4291	5.0
4292	4.0
4293	6.0
4294	4.0
4295	4.0
4296	5.0
4297	6.0
4298	6.0
4299	5.0
4300	6.0
4301	5.0
4302	5.0
4303	5.0
4304	5.0
4305	4.0
4306	6.0
4307	6.0
4308	4.0
4309	5.0
4310	3.0
4311	6.0
4312	5.0
4313	4.0
4314	5.0
4315	7.0
4316	3.0
4317	4.0
4318	5.0
4319	4.0
4320	5.0
4321	5.0
4322	4.0
4323	6.0
4324	6.0
4325	6.0
4326	6.0
4327	4.0
4328	6.0
4329	5.0
4330	6.0
4331	4.0
4332	5.0
4333	5.0
4334	5.0
4335	5.0
4336	6.0
4337	5.0
4338	5.0
4339	6.0
4340	6.0
4341	7.0
4342	6.0
4343	5.0
4344	4.0
4345	6.0
4346	7.0
4347	6.0
4348	5.0
4349	6.0
4350	5.0
4351	4.0
4352	5.0
4353	5.0
4354	4.0
4355	6.0
4356	5.0
4357	4.0
4358	4.0
4359	6.0
4360	5.0
4361	6.0
4362	5.0
4363	4.0
4364	5.0
4365	6.0
4366	5.0
4367	6.0
4368	5.0
4369	6.0
4370	5.0
4371	4.0
4372	5.0
4373	5.0
4374	5.0
4375	5.0
4376	4.0
4377	6.0
4378	5.0
4379	6.0
4380	5.0
4381	5.0
4382	6.0
4383	5.0
4384	6.0
4385	6.0
4386	5.0
4387	5.0
4388	4.0
4389	7.0
4390	5.0
4391	4.0
4392	8.0
4393	7.0
4394	5.0
4395	4.0
4396	5.0
4397	4.0
4398	5.0
4399	6.0
4400	5.0
4401	5.0
4402	5.0
4403	5.0
4404	5.0
4405	6.0
4406	5.0
4407	7.0
4408	4.0
4409	5.0
4410	5.0
4411	6.0
4412	5.0
4413	5.0
4414	6.0
4415	6.0
4416	5.0
4417	5.0
4418	6.0
4419	5.0
4420	6.0
4421	6.0
4422	5.0
4423	6.0
4424	7.0
4425	5.0
4426	5.0
4427	6.0
4428	5.0
4429	5.0
4430	4.0
4431	5.0
4432	5.0
4433	6.0
4434	6.0
4435	5.0
4436	5.0
4437	6.0
4438	6.0
4439	5.0
4440	6.0
4441	5.0
4442	6.0
4443	4.0
4444	6.0
4445	5.0
4446	4.0
4447	4.0
4448	4.0
4449	4.0
4450	5.0
4451	5.0
4452	5.0
4453	5.0
4454	6.0
4455	5.0
4456	5.0
4457	4.0
4458	7.0
4459	6.0
4460	6.0
4461	4.0
4462	4.0
4463	5.0
4464	6.0
4465	6.0
4466	4.0
4467	5.0
4468	5.0
4469	5.0
4470	4.0
4471	6.0
4472	4.0
4473	4.0
4474	5.0
4475	5.0
4476	5.0
4477	5.0
4478	6.0
4479	5.0
4480	6.0
4481	5.0
4482	3.0
4483	6.0
4484	5.0
4485	5.0
4486	5.0
4487	5.0
4488	4.0
4489	5.0
4490	4.0
4491	5.0
4492	6.0
4493	5.0
4494	4.0
4495	6.0
4496	5.0
4497	6.0
4498	5.0
4499	5.0
4500	5.0
4501	3.0
4502	6.0
4503	5.0
4504	4.0
4505	6.0
4506	5.0
4507	4.0
4508	6.0
4509	5.0
4510	6.0
4511	5.0
4512	5.0
4513	5.0
4514	5.0
4515	5.0
4516	5.0
4517	7.0
4518	4.0
4519	6.0
4520	6.0
4521	6.0
4522	4.0
4523	5.0
4524	5.0
4525	5.0
4526	5.0
4527	5.0
4528	5.0
4529	5.0
4530	5.0
4531	5.0
4532	5.0
4533	4.0
4534	5.0
4535	5.0
4536	4.0
4537	5.0
4538	5.0
4539	5.0
4540	4.0
4541	5.0
4542	4.0
4543	4.0
4544	5.0
4545	7.0
4546	6.0
4547	5.0
4548	6.0
4549	6.0
4550	4.0
4551	5.0
4552	5.0
4553	6.0
4554	3.0
4555	7.0
4556	4.0
4557	4.0
4558	6.0
4559	5.0
4560	6.0
4561	5.0
4562	5.0
4563	6.0
4564	6.0
4565	5.0
4566	5.0
4567	5.0
4568	4.0
4569	5.0
4570	5.0
4571	6.0
4572	5.0
4573	7.0
4574	6.0
4575	5.0
4576	5.0
4577	4.0
4578	6.0
4579	5.0
4580	4.0
4581	4.0
4582	5.0
4583	6.0
4584	5.0
4585	6.0
4586	5.0
4587	6.0
4588	6.0
4589	6.0
4590	5.0
4591	6.0
4592	5.0
4593	5.0
4594	6.0
4595	5.0
4596	5.0
4597	7.0
4598	5.0
4599	4.0
4600	6.0
4601	4.0
4602	4.0
4603	6.0
4604	6.0
4605	4.0
4606	5.0
4607	6.0
4608	3.0
4609	5.0
4610	4.0
4611	4.0
4612	4.0
4613	6.0
4614	6.0
4615	5.0
4616	5.0
4617	4.0
4618	3.0
4619	6.0
4620	5.0
4621	4.0
4622	4.0
4623	6.0
4624	5.0
4625	4.0
4626	5.0
4627	4.0
4628	4.0
4629	6.0
4630	5.0
4631	5.0
4632	6.0
4633	5.0
4634	4.0
4635	8.0
4636	7.0
4637	5.0
4638	5.0
4639	6.0
4640	6.0
4641	3.0
4642	5.0
4643	5.0
4644	6.0
4645	5.0
4646	6.0
4647	4.0
4648	6.0
4649	5.0
4650	5.0
4651	5.0
4652	6.0
4653	6.0
4654	4.0
4655	5.0
4656	6.0
4657	5.0
4658	5.0
4659	5.0
4660	5.0
4661	7.0
4662	7.0
4663	5.0
4664	6.0
4665	5.0
4666	5.0
4667	6.0
4668	6.0
4669	5.0
4670	4.0
4671	5.0
4672	5.0
4673	6.0
4674	5.0
4675	5.0
4676	5.0
4677	4.0
4678	5.0
4679	5.0
4680	6.0
4681	4.0
4682	6.0
4683	5.0
4684	5.0
4685	4.0
4686	5.0
4687	6.0
4688	6.0
4689	5.0
4690	6.0
4691	6.0
4692	4.0
4693	6.0
4694	5.0
4695	4.0
4696	4.0
4697	5.0
4698	5.0
4699	6.0
4700	6.0
4701	5.0
4702	5.0
4703	6.0
4704	5.0
4705	5.0
4706	3.0
4707	4.0
4708	5.0
4709	5.0
4710	7.0
4711	5.0
4712	5.0
4713	5.0
4714	5.0
4715	3.0
4716	5.0
4717	6.0
4718	4.0
4719	6.0
4720	4.0
4721	5.0
4722	4.0
4723	6.0
4724	6.0
4725	5.0
4726	5.0
4727	5.0
4728	6.0
4729	4.0
4730	5.0
4731	5.0
4732	5.0
4733	5.0
4734	5.0
4735	6.0
4736	7.0
4737	5.0
4738	7.0
4739	5.0
4740	6.0
4741	5.0
4742	6.0
4743	5.0
4744	5.0
4745	4.0
4746	5.0
4747	5.0
4748	6.0
4749	5.0
4750	5.0
4751	5.0
4752	4.0
4753	5.0
4754	5.0
4755	6.0
4756	4.0
4757	6.0
4758	5.0
4759	5.0
4760	5.0
4761	5.0
4762	7.0
4763	5.0
4764	6.0
4765	5.0
4766	6.0
4767	7.0
4768	6.0
4769	6.0
4770	5.0
4771	5.0
4772	4.0
4773	6.0
4774	6.0
4775	5.0
4776	4.0
4777	6.0
4778	5.0
4779	5.0
4780	6.0
4781	6.0
4782	6.0
4783	4.0
4784	6.0
4785	4.0
4786	5.0
4787	6.0
4788	5.0
4789	6.0
4790	5.0
4791	5.0
4792	5.0
4793	5.0
4794	5.0
4795	5.0
4796	6.0
4797	5.0
4798	6.0
4799	7.0
4800	6.0
4801	5.0
4802	5.0
4803	5.0
4804	6.0
4805	4.0
4806	4.0
4807	6.0
4808	6.0
4809	6.0
4810	6.0
4811	5.0
4812	5.0
4813	5.0
4814	5.0
4815	7.0
4816	5.0
4817	7.0
4818	6.0
4819	4.0
4820	6.0
4821	5.0
4822	4.0
4823	5.0
4824	5.0
4825	5.0
4826	5.0
4827	4.0
4828	5.0
4829	5.0
4830	6.0
4831	5.0
4832	5.0
4833	5.0
4834	5.0
4835	5.0
4836	4.0
4837	5.0
4838	6.0
4839	7.0
4840	6.0
4841	5.0
4842	6.0
4843	5.0
4844	5.0
4845	5.0
4846	5.0
4847	4.0
4848	7.0
4849	5.0
4850	6.0
4851	5.0
4852	6.0
4853	5.0
4854	6.0
4855	5.0
4856	6.0
4857	5.0
4858	5.0
4859	5.0
4860	4.0
4861	5.0
4862	5.0
4863	6.0
4864	5.0
4865	6.0
4866	4.0
4867	6.0
4868	4.0
4869	4.0
4870	6.0
4871	5.0
4872	5.0
4873	4.0
4874	4.0
4875	6.0
4876	5.0
4877	5.0
4878	5.0
4879	7.0
4880	4.0
4881	7.0
4882	6.0
4883	5.0
4884	4.0
4885	5.0
4886	4.0
4887	6.0
4888	4.0
4889	5.0
4890	5.0
4891	5.0
4892	6.0
4893	6.0
4894	6.0
4895	5.0
4896	6.0
4897	5.0
4898	4.0
4899	6.0
4900	4.0
4901	6.0
4902	5.0
4903	5.0
4904	6.0
4905	5.0
4906	5.0
4907	5.0
4908	6.0
4909	6.0
4910	7.0
4911	4.0
4912	5.0
4913	5.0
4914	4.0
4915	7.0
4916	5.0
4917	5.0
4918	6.0
4919	5.0
4920	4.0
4921	6.0
4922	5.0
4923	6.0
4924	6.0
4925	5.0
4926	6.0
4927	5.0
4928	4.0
4929	5.0
4930	5.0
4931	5.0
4932	5.0
4933	5.0
4934	5.0
4935	6.0
4936	5.0
4937	5.0
4938	5.0
4939	5.0
4940	6.0
4941	5.0
4942	5.0
4943	4.0
4944	4.0
4945	6.0
4946	5.0
4947	5.0
4948	4.0
4949	5.0
4950	5.0
4951	5.0
4952	4.0
4953	4.0
4954	5.0
4955	5.0
4956	5.0
4957	5.0
4958	6.0
4959	5.0
4960	5.0
4961	5.0
4962	4.0
4963	6.0
4964	4.0
4965	6.0
4966	7.0
4967	4.0
4968	5.0
4969	5.0
4970	6.0
4971	5.0
4972	5.0
4973	5.0
4974	4.0
4975	6.0
4976	4.0
4977	4.0
4978	5.0
4979	5.0
4980	4.0
4981	3.0
4982	4.0
4983	4.0
4984	5.0
4985	5.0
4986	7.0
4987	5.0
4988	5.0
4989	4.0
4990	5.0
4991	6.0
4992	5.0
4993	6.0
4994	8.0
4995	5.0
4996	8.0
4997	6.0
4998	6.0
4999	5.0
5000	6.0
5001	6.0
5002	4.0
5003	6.0
5004	5.0
5005	5.0
5006	6.0
5007	4.0
5008	6.0
5009	6.0
5010	5.0
5011	5.0
5012	4.0
5013	6.0
5014	6.0
5015	4.0
5016	4.0
5017	5.0
5018	4.0
5019	5.0
5020	6.0
5021	5.0
5022	6.0
5023	5.0
5024	4.0
5025	5.0
5026	6.0
5027	5.0
5028	5.0
5029	5.0
5030	6.0
5031	5.0
5032	5.0
5033	4.0
5034	6.0
5035	5.0
5036	5.0
5037	6.0
5038	5.0
5039	4.0
5040	6.0
5041	4.0
5042	5.0
5043	6.0
5044	6.0
5045	6.0
5046	5.0
5047	4.0
5048	4.0
5049	6.0
5050	5.0
5051	4.0
5052	6.0
5053	5.0
5054	5.0
5055	5.0
5056	6.0
5057	5.0
5058	6.0
5059	6.0
5060	6.0
5061	4.0
5062	5.0
5063	4.0
5064	4.0
5065	5.0
5066	6.0
5067	4.0
5068	6.0
5069	6.0
5070	5.0
5071	5.0
5072	7.0
5073	5.0
5074	4.0
5075	6.0
5076	6.0
5077	4.0
5078	5.0
5079	6.0
5080	5.0
5081	7.0
5082	8.0
5083	6.0
5084	7.0
5085	6.0
5086	5.0
5087	6.0
5088	4.0
5089	4.0
5090	5.0
5091	5.0
5092	7.0
5093	6.0
5094	6.0
5095	4.0
5096	5.0
5097	5.0
5098	4.0
5099	4.0
5100	4.0
5101	5.0
5102	4.0
5103	6.0
5104	6.0
5105	5.0
5106	6.0
5107	5.0
5108	5.0
5109	6.0
5110	6.0
5111	5.0
5112	5.0
5113	7.0
5114	5.0
5115	6.0
5116	5.0
5117	6.0
5118	4.0
5119	5.0
5120	5.0
5121	5.0
5122	5.0
5123	6.0
5124	4.0
5125	5.0
5126	5.0
5127	4.0
5128	6.0
5129	5.0
5130	7.0
5131	5.0
5132	6.0
5133	5.0
5134	5.0
5135	6.0
5136	5.0
5137	4.0
5138	5.0
5139	6.0
5140	6.0
5141	6.0
5142	4.0
5143	6.0
5144	5.0
5145	5.0
5146	5.0
5147	5.0
5148	5.0
5149	6.0
5150	6.0
5151	6.0
5152	4.0
5153	6.0
5154	6.0
5155	4.0
5156	6.0
5157	6.0
5158	5.0
5159	5.0
5160	5.0
5161	5.0
5162	4.0
5163	6.0
5164	5.0
5165	5.0
5166	5.0
5167	6.0
5168	5.0
5169	3.0
5170	6.0
5171	7.0
5172	5.0
5173	6.0
5174	5.0
5175	4.0
5176	4.0
5177	4.0
5178	4.0
5179	6.0
5180	4.0
5181	3.0
5182	6.0
5183	5.0
5184	5.0
5185	5.0
5186	4.0
5187	5.0
5188	5.0
5189	6.0
5190	5.0
5191	4.0
5192	6.0
5193	5.0
5194	5.0
5195	4.0
5196	6.0
5197	4.0
5198	5.0
5199	6.0
5200	6.0
5201	4.0
5202	4.0
5203	6.0
5204	4.0
5205	6.0
5206	5.0
5207	5.0
5208	7.0
5209	6.0
5210	5.0
5211	6.0
5212	4.0
5213	5.0
5214	7.0
5215	6.0
5216	5.0
5217	5.0
5218	5.0
5219	7.0
5220	4.0
5221	4.0
5222	7.0
5223	6.0
5224	7.0
5225	6.0
5226	6.0
5227	6.0
5228	5.0
5229	5.0
5230	5.0
5231	5.0
5232	5.0
5233	6.0
5234	4.0
5235	6.0
5236	5.0
5237	5.0
5238	5.0
5239	7.0
5240	5.0
5241	5.0
5242	5.0
5243	4.0
5244	6.0
5245	7.0
5246	4.0
5247	4.0
5248	4.0
5249	5.0
5250	4.0
5251	4.0
5252	6.0
5253	4.0
5254	6.0
5255	6.0
5256	5.0
5257	4.0
5258	4.0
5259	4.0
5260	5.0
5261	6.0
5262	6.0
5263	4.0
5264	5.0
5265	5.0
5266	4.0
5267	5.0
5268	5.0
5269	7.0
5270	5.0
5271	4.0
5272	4.0
5273	5.0
5274	5.0
5275	5.0
5276	5.0
5277	4.0
5278	6.0
5279	4.0
5280	6.0
5281	5.0
5282	5.0
5283	6.0
5284	5.0
5285	5.0
5286	6.0
5287	6.0
5288	5.0
5289	5.0
5290	5.0
5291	4.0
5292	6.0
5293	6.0
5294	5.0
5295	5.0
5296	5.0
5297	6.0
5298	5.0
5299	4.0
5300	4.0
5301	6.0
5302	5.0
5303	6.0
5304	5.0
5305	6.0
5306	4.0
5307	4.0
5308	5.0
5309	4.0
5310	5.0
5311	5.0
5312	5.0
5313	3.0
5314	4.0
5315	5.0
5316	6.0
5317	4.0
5318	4.0
5319	5.0
5320	4.0
5321	4.0
5322	5.0
5323	6.0
5324	5.0
5325	6.0
5326	5.0
5327	4.0
5328	6.0
5329	5.0
5330	5.0
5331	6.0
5332	6.0
5333	4.0
5334	4.0
5335	5.0
5336	6.0
5337	6.0
5338	6.0
5339	6.0
5340	4.0
5341	5.0
5342	5.0
5343	5.0
5344	6.0
5345	4.0
5346	4.0
5347	5.0
5348	6.0
5349	6.0
5350	6.0
5351	5.0
5352	5.0
5353	6.0
5354	5.0
5355	5.0
5356	4.0
5357	4.0
5358	5.0
5359	5.0
5360	5.0
5361	4.0
5362	6.0
5363	4.0
5364	5.0
5365	6.0
5366	5.0
5367	4.0
5368	4.0
5369	5.0
5370	4.0
5371	6.0
5372	4.0
5373	5.0
5374	5.0
5375	5.0
5376	5.0
5377	4.0
5378	6.0
5379	6.0
5380	4.0
5381	6.0
5382	5.0
5383	5.0
5384	6.0
5385	5.0
5386	6.0
5387	5.0
5388	5.0
5389	4.0
5390	6.0
5391	5.0
5392	4.0
5393	6.0
5394	5.0
5395	4.0
5396	5.0
5397	5.0
5398	4.0
5399	5.0
5400	5.0
5401	5.0
5402	6.0
5403	6.0
5404	5.0
5405	5.0
5406	5.0
5407	5.0
5408	6.0
5409	4.0
5410	4.0
5411	6.0
5412	6.0
5413	5.0
5414	5.0
5415	6.0
5416	5.0
5417	5.0
5418	5.0
5419	6.0
5420	6.0
5421	5.0
5422	6.0
5423	4.0
5424	6.0
5425	6.0
5426	5.0
5427	6.0
5428	5.0
5429	5.0
5430	5.0
5431	5.0
5432	6.0
5433	3.0
5434	4.0
5435	7.0
5436	6.0
5437	7.0
5438	4.0
5439	5.0
5440	5.0
5441	5.0
5442	6.0
5443	6.0
5444	6.0
5445	5.0
5446	4.0
5447	5.0
5448	5.0
5449	5.0
5450	5.0
5451	5.0
5452	7.0
5453	7.0
5454	5.0
5455	6.0
5456	6.0
5457	6.0
5458	4.0
5459	4.0
5460	6.0
5461	6.0
5462	5.0
5463	5.0
5464	6.0
5465	7.0
5466	7.0
5467	5.0
5468	7.0
5469	5.0
5470	4.0
5471	6.0
5472	4.0
5473	5.0
5474	5.0
5475	6.0
5476	5.0
5477	5.0
5478	4.0
5479	5.0
5480	4.0
5481	4.0
5482	4.0
5483	5.0
5484	4.0
5485	4.0
5486	6.0
5487	5.0
5488	4.0
5489	6.0
5490	6.0
5491	4.0
5492	4.0
5493	4.0
5494	6.0
5495	5.0
5496	6.0
5497	5.0
5498	6.0
5499	5.0
5500	5.0
5501	5.0
5502	6.0
5503	5.0
5504	5.0
5505	6.0
5506	5.0
5507	5.0
5508	6.0
5509	6.0
5510	6.0
5511	5.0
5512	7.0
5513	7.0
5514	5.0
5515	5.0
5516	5.0
5517	4.0
5518	6.0
5519	5.0
5520	4.0
5521	5.0
5522	5.0
5523	5.0
5524	5.0
5525	4.0
5526	7.0
5527	4.0
5528	4.0
5529	5.0
5530	5.0
5531	5.0
5532	4.0
5533	4.0
5534	4.0
5535	6.0
5536	4.0
5537	5.0
5538	4.0
5539	5.0
5540	5.0
5541	5.0
5542	6.0
5543	4.0
5544	5.0
5545	5.0
5546	4.0
5547	5.0
5548	5.0
5549	6.0
5550	4.0
5551	7.0
5552	6.0
5553	5.0
5554	5.0
5555	5.0
5556	5.0
5557	6.0
5558	5.0
5559	5.0
5560	7.0
5561	5.0
5562	6.0
5563	5.0
5564	6.0
5565	4.0
5566	5.0
5567	6.0
5568	6.0
5569	4.0
5570	7.0
5571	6.0
5572	6.0
5573	5.0
5574	6.0
5575	5.0
5576	3.0
5577	7.0
5578	5.0
5579	4.0
5580	4.0
5581	4.0
5582	3.0
5583	6.0
5584	6.0
5585	5.0
5586	5.0
5587	6.0
5588	5.0
5589	6.0
5590	6.0
5591	4.0
5592	5.0
5593	5.0
5594	5.0
5595	5.0
5596	7.0
5597	5.0
5598	5.0
5599	6.0
5600	5.0
5601	6.0
5602	5.0
5603	6.0
5604	4.0
5605	5.0
5606	5.0
5607	6.0
5608	6.0
5609	5.0
5610	4.0
5611	7.0
5612	5.0
5613	5.0
5614	7.0
5615	5.0
5616	5.0
5617	5.0
5618	4.0
5619	6.0
5620	5.0
5621	5.0
5622	4.0
5623	5.0
5624	5.0
5625	7.0
5626	5.0
5627	5.0
5628	5.0
5629	5.0
5630	4.0
5631	6.0
5632	6.0
5633	7.0
5634	6.0
5635	5.0
5636	5.0
5637	6.0
5638	4.0
5639	4.0
5640	4.0
5641	5.0
5642	4.0
5643	5.0
5644	5.0
5645	5.0
5646	6.0
5647	7.0
5648	5.0
5649	5.0
5650	5.0
5651	4.0
5652	5.0
5653	4.0
5654	7.0
5655	4.0
5656	4.0
5657	6.0
5658	5.0
5659	5.0
5660	5.0
5661	4.0
5662	6.0
5663	5.0
5664	6.0
5665	5.0
5666	5.0
5667	4.0
5668	5.0
5669	5.0
5670	6.0
5671	6.0
5672	4.0
5673	7.0
5674	6.0
5675	6.0
5676	6.0
5677	5.0
5678	6.0
5679	6.0
5680	4.0
5681	6.0
5682	7.0
5683	5.0
5684	5.0
5685	5.0
5686	5.0
5687	6.0
5688	5.0
5689	6.0
5690	5.0
5691	5.0
5692	5.0
5693	5.0
5694	5.0
5695	6.0
5696	5.0
5697	6.0
5698	3.0
5699	5.0
5700	5.0
5701	5.0
5702	5.0
5703	4.0
5704	6.0
5705	5.0
5706	5.0
5707	5.0
5708	5.0
5709	6.0
5710	5.0
5711	5.0
5712	5.0
5713	4.0
5714	4.0
5715	4.0
5716	5.0
5717	6.0
5718	6.0
5719	5.0
5720	5.0
5721	5.0
5722	6.0
5723	8.0
5724	5.0
5725	5.0
5726	4.0
5727	4.0
5728	5.0
5729	5.0
5730	5.0
5731	6.0
5732	6.0
5733	6.0
5734	5.0
5735	5.0
5736	7.0
5737	5.0
5738	5.0
5739	4.0
5740	6.0
5741	4.0
5742	5.0
5743	7.0
5744	4.0
5745	7.0
5746	5.0
5747	4.0
5748	5.0
5749	5.0
5750	6.0
5751	5.0
5752	7.0
5753	6.0
5754	5.0
5755	6.0
5756	6.0
5757	6.0
5758	6.0
5759	6.0
5760	5.0
5761	6.0
5762	4.0
5763	5.0
5764	6.0
5765	4.0
5766	6.0
5767	4.0
5768	4.0
5769	4.0
5770	6.0
5771	6.0
5772	5.0
5773	6.0
5774	6.0
5775	5.0
5776	4.0
5777	4.0
5778	6.0
5779	4.0
5780	5.0
5781	4.0
5782	5.0
5783	4.0
5784	6.0
5785	5.0
5786	4.0
5787	4.0
5788	6.0
5789	7.0
5790	6.0
5791	5.0
5792	5.0
5793	5.0
5794	4.0
5795	5.0
5796	4.0
5797	5.0
5798	4.0
5799	6.0
5800	5.0
5801	5.0
5802	6.0
5803	5.0
5804	4.0
5805	6.0
5806	6.0
5807	6.0
5808	5.0
5809	5.0
5810	6.0
5811	4.0
5812	5.0
5813	5.0
5814	6.0
5815	6.0
5816	5.0
5817	5.0
5818	6.0
5819	5.0
5820	4.0
5821	6.0
5822	4.0
5823	6.0
5824	5.0
5825	4.0
5826	5.0
5827	6.0
5828	4.0
5829	4.0
5830	5.0
5831	6.0
5832	6.0
5833	6.0
5834	6.0
5835	7.0
5836	7.0
5837	6.0
5838	5.0
5839	4.0
5840	5.0
5841	5.0
5842	6.0
5843	5.0
5844	4.0
5845	6.0
5846	5.0
5847	5.0
5848	5.0
5849	5.0
5850	6.0
5851	5.0
5852	5.0
5853	4.0
5854	6.0
5855	5.0
5856	6.0
5857	6.0
5858	6.0
5859	5.0
5860	7.0
5861	5.0
5862	4.0
5863	6.0
5864	7.0
5865	4.0
5866	5.0
5867	6.0
5868	5.0
5869	5.0
5870	6.0
5871	6.0
5872	4.0
5873	6.0
5874	6.0
5875	6.0
5876	4.0
5877	5.0
5878	6.0
5879	4.0
5880	5.0
5881	5.0
5882	4.0
5883	6.0
5884	5.0
5885	4.0
5886	5.0
5887	5.0
5888	4.0
5889	6.0
5890	6.0
5891	5.0
5892	6.0
5893	7.0
5894	5.0
5895	6.0
5896	5.0
5897	5.0
5898	5.0
5899	5.0
5900	5.0
5901	5.0
5902	5.0
5903	6.0
5904	4.0
5905	4.0
5906	5.0
5907	5.0
5908	7.0
5909	4.0
5910	5.0
5911	5.0
5912	5.0
5913	5.0
5914	6.0
5915	6.0
5916	5.0
5917	6.0
5918	6.0
5919	6.0
5920	4.0
5921	5.0
5922	6.0
5923	5.0
5924	4.0
5925	4.0
5926	6.0
5927	5.0
5928	6.0
5929	5.0
5930	7.0
5931	6.0
5932	5.0
5933	6.0
5934	6.0
5935	5.0
5936	6.0
5937	4.0
5938	6.0
5939	5.0
5940	7.0
5941	4.0
5942	4.0
5943	6.0
5944	6.0
5945	6.0
5946	5.0
5947	5.0
5948	5.0
5949	5.0
5950	5.0
5951	5.0
5952	6.0
5953	5.0
5954	6.0
5955	6.0
5956	5.0
5957	6.0
5958	4.0
5959	6.0
5960	5.0
5961	6.0
5962	6.0
5963	5.0
5964	5.0
5965	6.0
5966	5.0
5967	5.0
5968	6.0
5969	6.0
5970	4.0
5971	6.0
5972	6.0
5973	5.0
5974	5.0
5975	5.0
5976	5.0
5977	6.0
5978	5.0
5979	6.0
5980	6.0
5981	5.0
5982	5.0
5983	5.0
5984	4.0
5985	5.0
5986	5.0
5987	4.0
5988	6.0
5989	6.0
5990	6.0
5991	4.0
5992	6.0
5993	7.0
5994	5.0
5995	6.0
5996	6.0
5997	5.0
5998	4.0
5999	6.0
6000	5.0
6001	4.0
6002	5.0
6003	5.0
6004	5.0
6005	6.0
6006	5.0
6007	5.0
6008	5.0
6009	5.0
6010	6.0
6011	5.0
6012	6.0
6013	7.0
6014	7.0
6015	6.0
6016	5.0
6017	5.0
6018	6.0
6019	5.0
6020	4.0
6021	5.0
6022	7.0
6023	6.0
6024	6.0
6025	5.0
6026	5.0
6027	5.0
6028	6.0
6029	5.0
6030	7.0
6031	4.0
6032	5.0
6033	6.0
6034	5.0
6035	5.0
6036	5.0
6037	6.0
6038	4.0
6039	6.0
6040	4.0
6041	6.0
6042	5.0
6043	4.0
6044	4.0
6045	5.0
6046	5.0
6047	6.0
6048	4.0
6049	5.0
6050	5.0
6051	5.0
6052	5.0
6053	6.0
6054	5.0
6055	4.0
6056	4.0
6057	4.0
6058	5.0
6059	4.0
6060	4.0
6061	4.0
6062	5.0
6063	5.0
6064	6.0
6065	5.0
6066	4.0
6067	5.0
6068	5.0
6069	6.0
6070	5.0
6071	4.0
6072	5.0
6073	5.0
6074	6.0
6075	4.0
6076	7.0
6077	5.0
6078	4.0
6079	5.0
6080	5.0
6081	6.0
6082	5.0
6083	5.0
6084	5.0
6085	5.0
6086	5.0
6087	4.0
6088	5.0
6089	7.0
6090	6.0
6091	5.0
6092	5.0
6093	7.0
6094	5.0
6095	5.0
6096	4.0
6097	5.0
6098	4.0
6099	7.0
6100	5.0
6101	6.0
6102	7.0
6103	5.0
6104	5.0
6105	6.0
6106	6.0
6107	5.0
6108	5.0
6109	5.0
6110	6.0
6111	4.0
6112	4.0
6113	5.0
6114	4.0
6115	4.0
6116	5.0
6117	6.0
6118	5.0
6119	5.0
6120	6.0
6121	6.0
6122	4.0
6123	5.0
6124	4.0
6125	6.0
6126	6.0
6127	4.0
6128	5.0
6129	5.0
6130	5.0
6131	5.0
6132	6.0
6133	6.0
6134	4.0
6135	6.0
6136	7.0
6137	7.0
6138	6.0
6139	5.0
6140	4.0
6141	6.0
6142	5.0
6143	6.0
6144	4.0
6145	5.0
6146	4.0
6147	6.0
6148	4.0
6149	5.0
6150	5.0
6151	5.0
6152	5.0
6153	4.0
6154	5.0
6155	4.0
6156	5.0
6157	4.0
6158	5.0
6159	4.0
6160	5.0
6161	5.0
6162	5.0
6163	5.0
6164	4.0
6165	4.0
6166	5.0
6167	5.0
6168	6.0
6169	5.0
6170	5.0
6171	4.0
6172	6.0
6173	5.0
6174	5.0
6175	5.0
6176	5.0
6177	5.0
6178	6.0
6179	5.0
6180	5.0
6181	4.0
6182	6.0
6183	7.0
6184	4.0
6185	5.0
6186	5.0
6187	5.0
6188	4.0
6189	6.0
6190	5.0
6191	5.0
6192	6.0
6193	5.0
6194	6.0
6195	6.0
6196	5.0
6197	6.0
6198	5.0
6199	6.0
6200	4.0
6201	3.0
6202	5.0
6203	7.0
6204	4.0
6205	5.0
6206	6.0
6207	5.0
6208	4.0
6209	5.0
6210	5.0
6211	6.0
6212	5.0
6213	5.0
6214	6.0
6215	5.0
6216	4.0
6217	6.0
6218	6.0
6219	6.0
6220	6.0
6221	5.0
6222	6.0
6223	4.0
6224	6.0
6225	6.0
6226	6.0
6227	5.0
6228	4.0
6229	5.0
6230	5.0
6231	6.0
6232	4.0
6233	5.0
6234	4.0
6235	6.0
6236	5.0
6237	5.0
6238	6.0
6239	5.0
6240	6.0
6241	5.0
6242	4.0
6243	5.0
6244	7.0
6245	5.0
6246	4.0
6247	6.0
6248	6.0
6249	5.0
6250	4.0
6251	5.0
6252	4.0
6253	5.0
6254	6.0
6255	5.0
6256	5.0
6257	5.0
6258	5.0
6259	6.0
6260	5.0
6261	5.0
6262	4.0
6263	5.0
6264	4.0
6265	5.0
6266	5.0
6267	6.0
6268	5.0
6269	5.0
6270	5.0
6271	5.0
6272	5.0
6273	4.0
6274	6.0
6275	5.0
6276	6.0
6277	4.0
6278	4.0
6279	5.0
6280	5.0
6281	5.0
6282	4.0
6283	7.0
6284	4.0
6285	5.0
6286	5.0
6287	5.0
6288	5.0
6289	5.0
6290	6.0
6291	5.0
6292	5.0
6293	6.0
6294	6.0
6295	5.0
6296	6.0
6297	5.0
6298	5.0
6299	5.0
6300	5.0
6301	4.0
6302	6.0
6303	6.0
6304	5.0
6305	5.0
6306	6.0
6307	4.0
6308	3.0
6309	6.0
6310	5.0
6311	5.0
6312	5.0
6313	6.0
6314	5.0
6315	5.0
6316	4.0
6317	4.0
6318	5.0
6319	5.0
6320	6.0
6321	4.0
6322	5.0
6323	5.0
6324	6.0
6325	4.0
6326	6.0
6327	6.0
6328	7.0
6329	5.0
6330	5.0
6331	4.0
6332	5.0
6333	5.0
6334	6.0
6335	5.0
6336	5.0
6337	5.0
6338	4.0
6339	6.0
6340	6.0
6341	5.0
6342	6.0
6343	5.0
6344	5.0
6345	5.0
6346	4.0
6347	5.0
6348	5.0
6349	5.0
6350	6.0
6351	6.0
6352	5.0
6353	5.0
6354	6.0
6355	5.0
6356	5.0
6357	5.0
6358	5.0
6359	6.0
6360	4.0
6361	5.0
6362	4.0
6363	6.0
6364	7.0
6365	4.0
6366	5.0
6367	5.0
6368	5.0
6369	5.0
6370	7.0
6371	5.0
6372	6.0
6373	7.0
6374	6.0
6375	4.0
6376	5.0
6377	5.0
6378	5.0
6379	6.0
6380	5.0
6381	6.0
6382	6.0
6383	6.0
6384	4.0
6385	4.0
6386	6.0
6387	5.0
6388	5.0
6389	5.0
6390	6.0
6391	5.0
6392	5.0
6393	4.0
6394	5.0
6395	6.0
6396	6.0
6397	6.0
6398	5.0
6399	5.0
6400	5.0
6401	5.0
6402	6.0
6403	6.0
6404	6.0
6405	4.0
6406	4.0
6407	4.0
6408	6.0
6409	6.0
6410	6.0
6411	6.0
6412	4.0
6413	5.0
6414	7.0
6415	5.0
6416	4.0
6417	6.0
6418	4.0
6419	5.0
6420	5.0
6421	6.0
6422	6.0
6423	5.0
6424	5.0
6425	6.0
6426	4.0
6427	5.0
6428	4.0
6429	5.0
6430	7.0
6431	5.0
6432	4.0
6433	5.0
6434	5.0
6435	6.0
6436	5.0
6437	5.0
6438	5.0
6439	5.0
6440	6.0
6441	4.0
6442	6.0
6443	6.0
6444	6.0
6445	5.0
6446	6.0
6447	5.0
6448	5.0
6449	7.0
6450	6.0
6451	4.0
6452	4.0
6453	5.0
6454	5.0
6455	6.0
6456	6.0
6457	6.0
6458	4.0
6459	5.0
6460	6.0
6461	5.0
6462	4.0
6463	7.0
6464	5.0
6465	6.0
6466	5.0
6467	6.0
6468	6.0
6469	6.0
6470	5.0
6471	5.0
6472	5.0
6473	5.0
6474	4.0
6475	5.0
6476	5.0
6477	4.0
6478	4.0
6479	5.0
6480	6.0
6481	6.0
6482	6.0
6483	4.0
6484	5.0
6485	5.0
6486	6.0
6487	5.0
6488	5.0
6489	5.0
6490	6.0
6491	7.0
6492	5.0
6493	7.0
6494	7.0
6495	5.0
6496	5.0
6497	5.0
6498	5.0
6499	5.0
6500	5.0
6501	4.0
6502	5.0
6503	5.0
6504	5.0
6505	5.0
6506	6.0
6507	6.0
6508	7.0
6509	6.0
6510	4.0
6511	6.0
6512	5.0
6513	4.0
6514	6.0
6515	5.0
6516	6.0
6517	4.0
6518	7.0
6519	5.0
6520	5.0
6521	5.0
6522	5.0
6523	4.0
6524	5.0
6525	6.0
6526	5.0
6527	5.0
6528	5.0
6529	6.0
6530	5.0
6531	5.0
6532	4.0
6533	4.0
6534	7.0
6535	7.0
6536	6.0
6537	4.0
6538	5.0
6539	4.0
6540	6.0
6541	5.0
6542	6.0
6543	6.0
6544	4.0
6545	6.0
6546	6.0
6547	4.0
6548	5.0
6549	5.0
6550	4.0
6551	6.0
6552	5.0
6553	6.0
6554	6.0
6555	6.0
6556	5.0
6557	5.0
6558	5.0
6559	6.0
6560	5.0
6561	6.0
6562	5.0
6563	6.0
6564	5.0
6565	6.0
6566	6.0
6567	6.0
6568	6.0
6569	6.0
6570	6.0
6571	4.0
6572	5.0
6573	7.0
6574	6.0
6575	5.0
6576	4.0
6577	5.0
6578	5.0
6579	6.0
6580	6.0
6581	5.0
6582	5.0
6583	4.0
6584	5.0
6585	3.0
6586	5.0
6587	6.0
6588	5.0
6589	5.0
6590	5.0
6591	5.0
6592	5.0
6593	4.0
6594	5.0
6595	5.0
6596	6.0
6597	4.0
6598	6.0
6599	6.0
6600	4.0
6601	7.0
6602	6.0
6603	6.0
6604	6.0
6605	5.0
6606	6.0
6607	5.0
6608	6.0
6609	6.0
6610	5.0
6611	6.0
6612	6.0
6613	5.0
6614	6.0
6615	5.0
6616	4.0
6617	7.0
6618	5.0
6619	6.0
6620	5.0
6621	6.0
6622	3.0
6623	5.0
6624	7.0
6625	4.0
6626	5.0
6627	6.0
6628	6.0
6629	5.0
6630	6.0
6631	5.0
6632	4.0
6633	6.0
6634	4.0
6635	5.0
6636	5.0
6637	5.0
6638	4.0
6639	4.0
6640	6.0
6641	5.0
6642	5.0
6643	5.0
6644	6.0
6645	6.0
6646	6.0
6647	6.0
6648	6.0
6649	6.0
6650	5.0
6651	4.0
6652	7.0
6653	5.0
6654	5.0
6655	5.0
6656	4.0
6657	7.0
6658	5.0
6659	5.0
6660	5.0
6661	5.0
6662	6.0
6663	5.0
6664	6.0
6665	5.0
6666	5.0
6667	5.0
6668	4.0
6669	5.0
6670	5.0
6671	6.0
6672	4.0
6673	4.0
6674	5.0
6675	5.0
6676	5.0
6677	5.0
6678	5.0
6679	5.0
6680	5.0
6681	4.0
6682	5.0
6683	4.0
6684	4.0
6685	5.0
6686	5.0
6687	6.0
6688	5.0
6689	5.0
6690	5.0
6691	4.0
6692	5.0
6693	5.0
6694	5.0
6695	5.0
6696	5.0
6697	6.0
6698	6.0
6699	5.0
6700	5.0
6701	4.0
6702	5.0
6703	5.0
6704	6.0
6705	4.0
6706	7.0
6707	6.0
6708	6.0
6709	6.0
6710	5.0
6711	5.0
6712	6.0
6713	4.0
6714	5.0
6715	5.0
6716	4.0
6717	5.0
6718	4.0
6719	5.0
6720	6.0
6721	4.0
6722	5.0
6723	4.0
6724	5.0
6725	5.0
6726	5.0
6727	7.0
6728	4.0
6729	7.0
6730	6.0
6731	4.0
6732	5.0
6733	4.0
6734	5.0
6735	6.0
6736	5.0
6737	5.0
6738	4.0
6739	5.0
6740	4.0
6741	5.0
6742	5.0
6743	5.0
6744	5.0
6745	5.0
6746	4.0
6747	6.0
6748	5.0
6749	4.0
6750	4.0
6751	7.0
6752	5.0
6753	5.0
6754	4.0
6755	5.0
6756	5.0
6757	5.0
6758	5.0
6759	6.0
6760	5.0
6761	4.0
6762	6.0
6763	6.0
6764	6.0
6765	5.0
6766	5.0
6767	6.0
6768	6.0
6769	5.0
6770	5.0
6771	5.0
6772	6.0
6773	4.0
6774	4.0
6775	4.0
6776	5.0
6777	5.0
6778	6.0
6779	4.0
6780	7.0
6781	5.0
6782	5.0
6783	5.0
6784	5.0
6785	8.0
6786	4.0
6787	5.0
6788	5.0
6789	6.0
6790	5.0
6791	5.0
6792	5.0
6793	6.0
6794	5.0
6795	5.0
6796	5.0
6797	4.0
6798	5.0
6799	6.0
6800	4.0
6801	4.0
6802	4.0
6803	6.0
6804	4.0
6805	5.0
6806	5.0
6807	6.0
6808	6.0
6809	4.0
6810	6.0
6811	5.0
6812	6.0
6813	4.0
6814	4.0
6815	5.0
6816	6.0
6817	6.0
6818	5.0
6819	5.0
6820	4.0
6821	5.0
6822	5.0
6823	5.0
6824	4.0
6825	5.0
6826	5.0
6827	6.0
6828	5.0
6829	5.0
6830	4.0
6831	4.0
6832	5.0
6833	7.0
6834	6.0
6835	5.0
6836	5.0
6837	4.0
6838	5.0
6839	6.0
6840	6.0
6841	5.0
6842	7.0
6843	5.0
6844	7.0
6845	4.0
6846	6.0
6847	5.0
6848	5.0
6849	6.0
6850	5.0
6851	6.0
6852	5.0
6853	5.0
6854	4.0
6855	6.0
6856	5.0
6857	6.0
6858	4.0
6859	5.0
6860	4.0
6861	5.0
6862	4.0
6863	5.0
6864	5.0
6865	5.0
6866	5.0
6867	6.0
6868	4.0
6869	5.0
6870	4.0
6871	5.0
6872	6.0
6873	5.0
6874	6.0
6875	6.0
6876	6.0
6877	4.0
6878	6.0
6879	6.0
6880	6.0
6881	6.0
6882	6.0
6883	6.0
6884	6.0
6885	4.0
6886	5.0
6887	5.0
6888	5.0
6889	5.0
6890	6.0
6891	5.0
6892	5.0
6893	5.0
6894	7.0
6895	6.0
6896	6.0
6897	5.0
6898	4.0
6899	6.0
6900	4.0
6901	4.0
6902	4.0
6903	6.0
6904	6.0
6905	5.0
6906	3.0
6907	5.0
6908	5.0
6909	6.0
6910	5.0
6911	5.0
6912	5.0
6913	5.0
6914	6.0
6915	5.0
6916	6.0
6917	5.0
6918	5.0
6919	6.0
6920	6.0
6921	5.0
6922	4.0
6923	5.0
6924	6.0
6925	6.0
6926	6.0
6927	5.0
6928	6.0
6929	5.0
6930	5.0
6931	6.0
6932	6.0
6933	4.0
6934	4.0
6935	5.0
6936	5.0
6937	7.0
6938	5.0
6939	5.0
6940	5.0
6941	8.0
6942	5.0
6943	6.0
6944	5.0
6945	5.0
6946	5.0
6947	5.0
6948	4.0
6949	5.0
6950	6.0
6951	5.0
6952	5.0
6953	4.0
6954	5.0
6955	4.0
6956	4.0
6957	5.0
6958	7.0
6959	5.0
6960	5.0
6961	6.0
6962	5.0
6963	4.0
6964	5.0
6965	6.0
6966	5.0
6967	6.0
6968	4.0
6969	6.0
6970	5.0
6971	6.0
6972	7.0
6973	6.0
6974	6.0
6975	4.0
6976	5.0
6977	7.0
6978	5.0
6979	5.0
6980	5.0
6981	5.0
6982	6.0
6983	4.0
6984	6.0
6985	6.0
6986	5.0
6987	6.0
6988	5.0
6989	7.0
6990	5.0
6991	6.0
6992	7.0
6993	6.0
6994	5.0
6995	5.0
6996	4.0
6997	5.0
6998	4.0
6999	5.0
7000	4.0
7001	6.0
7002	5.0
7003	6.0
7004	6.0
7005	5.0
7006	4.0
7007	5.0
7008	5.0
7009	6.0
7010	6.0
7011	5.0
7012	6.0
7013	6.0
7014	5.0
7015	5.0
7016	5.0
7017	5.0
7018	4.0
7019	4.0
7020	6.0
7021	5.0
7022	5.0
7023	5.0
7024	4.0
7025	5.0
7026	6.0
7027	5.0
7028	5.0
7029	4.0
7030	4.0
7031	4.0
7032	5.0
7033	5.0
7034	4.0
7035	5.0
7036	6.0
7037	6.0
7038	5.0
7039	4.0
7040	5.0
7041	5.0
7042	4.0
7043	5.0
7044	6.0
7045	5.0
7046	5.0
7047	5.0
7048	5.0
7049	5.0
7050	6.0
7051	6.0
7052	6.0
7053	4.0
7054	7.0
7055	6.0
7056	6.0
7057	5.0
7058	6.0
7059	7.0
7060	5.0
7061	5.0
7062	6.0
7063	5.0
7064	6.0
7065	5.0
7066	5.0
7067	4.0
7068	5.0
7069	5.0
7070	6.0
7071	4.0
7072	6.0
7073	7.0
7074	4.0
7075	5.0
7076	6.0
7077	4.0
7078	5.0
7079	5.0
7080	5.0
7081	5.0
7082	6.0
7083	5.0
7084	5.0
7085	5.0
7086	5.0
7087	4.0
7088	6.0
7089	6.0
7090	5.0
7091	6.0
7092	6.0
7093	6.0
7094	6.0
7095	6.0
7096	4.0
7097	6.0
7098	5.0
7099	5.0
7100	7.0
7101	5.0
7102	6.0
7103	6.0
7104	4.0
7105	5.0
7106	6.0
7107	6.0
7108	5.0
7109	6.0
7110	5.0
7111	7.0
7112	5.0
7113	5.0
7114	6.0
7115	6.0
7116	4.0
7117	4.0
7118	5.0
7119	5.0
7120	6.0
7121	5.0
7122	5.0
7123	6.0
7124	4.0
7125	5.0
7126	5.0
7127	4.0
7128	6.0
7129	6.0
7130	4.0
7131	5.0
7132	5.0
7133	5.0
7134	5.0
7135	5.0
7136	5.0
7137	6.0
7138	5.0
7139	6.0
7140	6.0
7141	5.0
7142	6.0
7143	4.0
7144	4.0
7145	6.0
7146	5.0
7147	4.0
7148	5.0
7149	4.0
7150	5.0
7151	6.0
7152	6.0
7153	5.0
7154	6.0
7155	6.0
7156	4.0
7157	4.0
7158	6.0
7159	6.0
7160	4.0
7161	5.0
7162	6.0
7163	6.0
7164	5.0
7165	6.0
7166	5.0
7167	5.0
7168	5.0
7169	5.0
7170	4.0
7171	6.0
7172	6.0
7173	4.0
7174	4.0
7175	5.0
7176	5.0
7177	6.0
7178	6.0
7179	5.0
7180	5.0
7181	5.0
7182	6.0
7183	6.0
7184	4.0
7185	6.0
7186	7.0
7187	6.0
7188	4.0
7189	6.0
7190	4.0
7191	6.0
7192	6.0
7193	4.0
7194	5.0
7195	5.0
7196	6.0
7197	5.0
7198	6.0
7199	6.0
7200	6.0
7201	5.0
7202	5.0
7203	7.0
7204	4.0
7205	5.0
7206	4.0
7207	5.0
7208	6.0
7209	5.0
7210	5.0
7211	4.0
7212	5.0
7213	5.0
7214	5.0
7215	5.0
7216	5.0
7217	5.0
7218	6.0
7219	5.0
7220	6.0
7221	3.0
7222	5.0
7223	4.0
7224	6.0
7225	4.0
7226	6.0
7227	5.0
7228	5.0
7229	6.0
7230	6.0
7231	5.0
7232	6.0
7233	6.0
7234	5.0
7235	7.0
7236	6.0
7237	4.0
7238	5.0
7239	7.0
7240	4.0
7241	5.0
7242	6.0
7243	7.0
7244	7.0
7245	5.0
7246	5.0
7247	4.0
7248	6.0
7249	5.0
7250	6.0
7251	6.0
7252	5.0
7253	5.0
7254	6.0
7255	5.0
7256	7.0
7257	5.0
7258	5.0
7259	5.0
7260	5.0
7261	7.0
7262	6.0
7263	6.0
7264	7.0
7265	5.0
7266	6.0
7267	6.0
7268	4.0
7269	5.0
7270	6.0
7271	6.0
7272	5.0
7273	5.0
7274	5.0
7275	5.0
7276	5.0
7277	5.0
7278	6.0
7279	6.0
7280	4.0
7281	5.0
7282	5.0
7283	6.0
7284	5.0
7285	6.0
7286	4.0
7287	5.0
7288	4.0
7289	5.0
7290	6.0
7291	5.0
7292	5.0
7293	4.0
7294	6.0
7295	6.0
7296	5.0
7297	5.0
7298	6.0
7299	7.0
7300	5.0
7301	5.0
7302	6.0
7303	5.0
7304	6.0
7305	7.0
7306	6.0
7307	5.0
7308	6.0
7309	5.0
7310	5.0
7311	4.0
7312	5.0
7313	6.0
7314	5.0
7315	3.0
7316	5.0
7317	4.0
7318	6.0
7319	7.0
7320	6.0
7321	6.0
7322	4.0
7323	6.0
7324	6.0
7325	6.0
7326	5.0
7327	5.0
7328	6.0
7329	5.0
7330	4.0
7331	5.0
7332	4.0
7333	5.0
7334	5.0
7335	5.0
7336	4.0
7337	4.0
7338	5.0
7339	4.0
7340	5.0
7341	5.0
7342	6.0
7343	4.0
7344	6.0
7345	5.0
7346	5.0
7347	6.0
7348	6.0
7349	5.0
7350	6.0
7351	5.0
7352	5.0
7353	4.0
7354	5.0
7355	6.0
7356	6.0
7357	7.0
7358	5.0
7359	4.0
7360	5.0
7361	5.0
7362	6.0
7363	5.0
7364	6.0
7365	5.0
7366	6.0
7367	5.0
7368	4.0
7369	5.0
7370	6.0
7371	5.0
7372	5.0
7373	5.0
7374	6.0
7375	6.0
7376	5.0
7377	4.0
7378	6.0
7379	5.0
7380	4.0
7381	4.0
7382	5.0
7383	4.0
7384	5.0
7385	4.0
7386	6.0
7387	5.0
7388	5.0
7389	5.0
7390	6.0
7391	4.0
7392	4.0
7393	4.0
7394	7.0
7395	5.0
7396	4.0
7397	5.0
7398	5.0
7399	4.0
7400	4.0
7401	4.0
7402	6.0
7403	5.0
7404	5.0
7405	4.0
7406	6.0
7407	5.0
7408	5.0
7409	6.0
7410	5.0
7411	6.0
7412	6.0
7413	5.0
7414	6.0
7415	5.0
7416	4.0
7417	5.0
7418	5.0
7419	5.0
7420	5.0
7421	6.0
7422	4.0
7423	5.0
7424	5.0
7425	5.0
7426	6.0
7427	5.0
7428	5.0
7429	7.0
7430	5.0
7431	5.0
7432	4.0
7433	5.0
7434	5.0
7435	5.0
7436	5.0
7437	7.0
7438	6.0
7439	5.0
7440	5.0
7441	5.0
7442	6.0
7443	5.0
7444	4.0
7445	5.0
7446	5.0
7447	5.0
7448	5.0
7449	5.0
7450	6.0
7451	6.0
7452	7.0
7453	4.0
7454	6.0
7455	5.0
7456	4.0
7457	5.0
7458	5.0
7459	5.0
7460	5.0
7461	6.0
7462	5.0
7463	5.0
7464	5.0
7465	6.0
7466	5.0
7467	4.0
7468	5.0
7469	5.0
7470	5.0
7471	6.0
7472	6.0
7473	5.0
7474	6.0
7475	4.0
7476	6.0
7477	7.0
7478	6.0
7479	5.0
7480	5.0
7481	5.0
7482	6.0
7483	6.0
7484	5.0
7485	6.0
7486	4.0
7487	5.0
7488	6.0
7489	6.0
7490	5.0
7491	5.0
7492	4.0
7493	6.0
7494	6.0
7495	5.0
7496	5.0
7497	5.0
7498	4.0
7499	6.0
7500	5.0
7501	5.0
7502	6.0
7503	6.0
7504	4.0
7505	5.0
7506	5.0
7507	6.0
7508	4.0
7509	5.0
7510	6.0
7511	6.0
7512	5.0
7513	6.0
7514	6.0
7515	5.0
7516	6.0
7517	5.0
7518	6.0
7519	6.0
7520	4.0
7521	6.0
7522	5.0
7523	5.0
7524	6.0
7525	6.0
7526	6.0
7527	5.0
7528	4.0
7529	5.0
7530	4.0
7531	5.0
7532	6.0
7533	7.0
7534	5.0
7535	5.0
7536	6.0
7537	7.0
7538	5.0
7539	6.0
7540	6.0
7541	5.0
7542	5.0
7543	4.0
7544	6.0
7545	4.0
7546	5.0
7547	5.0
7548	5.0
7549	5.0
7550	5.0
7551	5.0
7552	5.0
7553	4.0
7554	4.0
7555	5.0
7556	6.0
7557	5.0
7558	5.0
7559	4.0
7560	6.0
7561	5.0
7562	5.0
7563	7.0
7564	7.0
7565	5.0
7566	6.0
7567	5.0
7568	6.0
7569	3.0
7570	6.0
7571	5.0
7572	5.0
7573	4.0
7574	5.0
7575	6.0
7576	6.0
7577	5.0
7578	4.0
7579	5.0
7580	4.0
7581	5.0
7582	4.0
7583	5.0
7584	6.0
7585	5.0
7586	4.0
7587	6.0
7588	4.0
7589	3.0
7590	5.0
7591	6.0
7592	3.0
7593	5.0
7594	5.0
7595	6.0
7596	5.0
7597	5.0
7598	5.0
7599	6.0
7600	6.0
7601	4.0
7602	4.0
7603	4.0
7604	4.0
7605	5.0
7606	5.0
7607	5.0
7608	5.0
7609	4.0
7610	5.0
7611	5.0
7612	5.0
7613	5.0
7614	6.0
7615	4.0
7616	5.0
7617	5.0
7618	7.0
7619	4.0
7620	5.0
7621	4.0
7622	5.0
7623	5.0
7624	7.0
7625	5.0
7626	4.0
7627	6.0
7628	4.0
7629	5.0
7630	6.0
7631	5.0
7632	5.0
7633	6.0
7634	6.0
7635	6.0
7636	4.0
7637	5.0
7638	5.0
7639	4.0
7640	5.0
7641	6.0
7642	6.0
7643	5.0
7644	5.0
7645	4.0
7646	6.0
7647	6.0
7648	5.0
7649	4.0
7650	4.0
7651	7.0
7652	5.0
7653	6.0
7654	4.0
7655	6.0
7656	6.0
7657	4.0
7658	3.0
7659	4.0
7660	4.0
7661	4.0
7662	5.0
7663	6.0
7664	6.0
7665	6.0
7666	5.0
7667	6.0
7668	6.0
7669	4.0
7670	6.0
7671	5.0
7672	5.0
7673	5.0
7674	5.0
7675	6.0
7676	6.0
7677	6.0
7678	4.0
7679	5.0
7680	6.0
7681	6.0
7682	6.0
7683	5.0
7684	5.0
7685	7.0
7686	5.0
7687	4.0
7688	5.0
7689	6.0
7690	6.0
7691	4.0
7692	5.0
7693	5.0
7694	6.0
7695	6.0
7696	6.0
7697	4.0
7698	5.0
7699	5.0
7700	6.0
7701	5.0
7702	5.0
7703	5.0
7704	6.0
7705	6.0
7706	5.0
7707	6.0
7708	5.0
7709	5.0
7710	5.0
7711	4.0
7712	4.0
7713	4.0
7714	6.0
7715	6.0
7716	5.0
7717	5.0
7718	4.0
7719	4.0
7720	5.0
7721	4.0
7722	6.0
7723	5.0
7724	5.0
7725	6.0
7726	5.0
7727	5.0
7728	5.0
7729	4.0
7730	6.0
7731	6.0
7732	4.0
7733	4.0
7734	5.0
7735	5.0
7736	4.0
7737	5.0
7738	6.0
7739	6.0
7740	5.0
7741	7.0
7742	6.0
7743	6.0
7744	4.0
7745	6.0
7746	6.0
7747	5.0
7748	6.0
7749	5.0
7750	6.0
7751	5.0
7752	5.0
7753	6.0
7754	5.0
7755	5.0
7756	4.0
7757	6.0
7758	4.0
7759	4.0
7760	5.0
7761	6.0
7762	5.0
7763	5.0
7764	6.0
7765	4.0
7766	5.0
7767	5.0
7768	4.0
7769	6.0
7770	6.0
7771	6.0
7772	6.0
7773	5.0
7774	6.0
7775	6.0
7776	6.0
7777	6.0
7778	5.0
7779	5.0
7780	6.0
7781	5.0
7782	6.0
7783	5.0
7784	5.0
7785	6.0
7786	5.0
7787	5.0
7788	6.0
7789	5.0
7790	6.0
7791	5.0
7792	5.0
7793	7.0
7794	4.0
7795	6.0
7796	4.0
7797	4.0
7798	5.0
7799	5.0
7800	4.0
7801	4.0
7802	7.0
7803	5.0
7804	6.0
7805	6.0
7806	4.0
7807	4.0
7808	6.0
7809	6.0
7810	5.0
7811	7.0
7812	5.0
7813	5.0
7814	4.0
7815	4.0
7816	4.0
7817	5.0
7818	5.0
7819	7.0
7820	5.0
7821	6.0
7822	5.0
7823	5.0
7824	6.0
7825	5.0
7826	7.0
7827	6.0
7828	6.0
7829	5.0
7830	5.0
7831	4.0
7832	5.0
7833	5.0
7834	5.0
7835	5.0
7836	5.0
7837	4.0
7838	4.0
7839	6.0
7840	6.0
7841	4.0
7842	5.0
7843	5.0
7844	5.0
7845	7.0
7846	4.0
7847	5.0
7848	6.0
7849	5.0
7850	5.0
7851	5.0
7852	5.0
7853	5.0
7854	6.0
7855	5.0
7856	6.0
7857	7.0
7858	5.0
7859	4.0
7860	5.0
7861	5.0
7862	5.0
7863	5.0
7864	6.0
7865	6.0
7866	6.0
7867	5.0
7868	5.0
7869	5.0
7870	4.0
7871	5.0
7872	5.0
7873	6.0
7874	5.0
7875	5.0
7876	5.0
7877	5.0
7878	5.0
7879	5.0
7880	5.0
7881	5.0
7882	5.0
7883	5.0
7884	5.0
7885	5.0
7886	6.0
7887	4.0
7888	5.0
7889	5.0
7890	5.0
7891	4.0
7892	4.0
7893	6.0
7894	3.0
7895	6.0
7896	5.0
7897	5.0
7898	5.0
7899	4.0
7900	5.0
7901	6.0
7902	5.0
7903	5.0
7904	5.0
7905	4.0
7906	6.0
7907	4.0
7908	6.0
7909	6.0
7910	6.0
7911	6.0
7912	5.0
7913	7.0
7914	6.0
7915	5.0
7916	5.0
7917	4.0
7918	5.0
7919	5.0
7920	6.0
7921	5.0
7922	5.0
7923	4.0
7924	6.0
7925	6.0
7926	3.0
7927	4.0
7928	6.0
7929	5.0
7930	5.0
7931	4.0
7932	4.0
7933	5.0
7934	4.0
7935	5.0
7936	5.0
7937	5.0
7938	5.0
7939	4.0
7940	5.0
7941	5.0
7942	5.0
7943	3.0
7944	5.0
7945	5.0
7946	4.0
7947	5.0
7948	4.0
7949	5.0
7950	4.0
7951	5.0
7952	4.0
7953	5.0
7954	6.0
7955	5.0
7956	6.0
7957	6.0
7958	5.0
7959	6.0
7960	6.0
7961	5.0
7962	5.0
7963	6.0
7964	5.0
7965	5.0
7966	6.0
7967	6.0
7968	5.0
7969	5.0
7970	4.0
7971	5.0
7972	5.0
7973	6.0
7974	5.0
7975	5.0
7976	5.0
7977	5.0
7978	5.0
7979	5.0
7980	6.0
7981	4.0
7982	5.0
7983	5.0
7984	4.0
7985	5.0
7986	6.0
7987	6.0
7988	6.0
7989	4.0
7990	5.0
7991	6.0
7992	7.0
7993	7.0
7994	4.0
7995	5.0
7996	5.0
7997	5.0
7998	5.0
7999	4.0
8000	4.0
8001	7.0
8002	4.0
8003	6.0
8004	6.0
8005	6.0
8006	5.0
8007	5.0
8008	6.0
8009	5.0
8010	5.0
8011	4.0
8012	5.0
8013	6.0
8014	6.0
8015	6.0
8016	6.0
8017	5.0
8018	4.0
8019	4.0
8020	5.0
8021	7.0
8022	6.0
8023	7.0
8024	6.0
8025	7.0
8026	6.0
8027	6.0
8028	6.0
8029	5.0
8030	6.0
8031	4.0
8032	4.0
8033	6.0
8034	6.0
8035	7.0
8036	4.0
8037	5.0
8038	6.0
8039	6.0
8040	6.0
8041	4.0
8042	6.0
8043	7.0
8044	6.0
8045	5.0
8046	6.0
8047	5.0
8048	6.0
8049	5.0
8050	6.0
8051	5.0
8052	5.0
8053	5.0
8054	5.0
8055	5.0
8056	5.0
8057	5.0
8058	5.0
8059	4.0
8060	5.0
8061	4.0
8062	5.0
8063	6.0
8064	5.0
8065	5.0
8066	5.0
8067	6.0
8068	6.0
8069	4.0
8070	5.0
8071	4.0
8072	5.0
8073	5.0
8074	5.0
8075	4.0
8076	4.0
8077	5.0
8078	4.0
8079	5.0
8080	4.0
8081	6.0
8082	6.0
8083	6.0
8084	4.0
8085	5.0
8086	8.0
8087	4.0
8088	4.0
8089	5.0
8090	4.0
8091	5.0
8092	6.0
8093	6.0
8094	5.0
8095	5.0
8096	6.0
8097	4.0
8098	4.0
8099	5.0
8100	6.0
8101	6.0
8102	5.0
8103	6.0
8104	4.0
8105	5.0
8106	4.0
8107	5.0
8108	6.0
8109	4.0
8110	6.0
8111	4.0
8112	3.0
8113	4.0
8114	7.0
8115	4.0
8116	6.0
8117	6.0
8118	5.0
8119	4.0
8120	6.0
8121	4.0
8122	5.0
8123	5.0
8124	5.0
8125	6.0
8126	5.0
8127	4.0
8128	6.0
8129	4.0
8130	5.0
8131	5.0
8132	5.0
8133	5.0
8134	5.0
8135	4.0
8136	6.0
8137	3.0
8138	6.0
8139	6.0
8140	5.0
8141	4.0
8142	5.0
8143	5.0
8144	4.0
8145	6.0
8146	5.0
8147	5.0
8148	4.0
8149	4.0
8150	7.0
8151	6.0
8152	6.0
8153	7.0
8154	5.0
8155	6.0
8156	5.0
8157	6.0
8158	4.0
8159	5.0
8160	5.0
8161	5.0
8162	5.0
8163	4.0
8164	6.0
8165	6.0
8166	5.0
8167	4.0
8168	4.0
8169	7.0
8170	5.0
8171	6.0
8172	6.0
8173	5.0
8174	5.0
8175	7.0
8176	5.0
8177	5.0
8178	5.0
8179	5.0
8180	5.0
8181	7.0
8182	4.0
8183	4.0
8184	5.0
8185	5.0
8186	5.0
8187	4.0
8188	6.0
8189	5.0
8190	5.0
8191	5.0
8192	4.0
8193	4.0
8194	5.0
8195	4.0
8196	6.0
8197	4.0
8198	5.0
8199	4.0
8200	6.0
8201	6.0
8202	4.0
8203	4.0
8204	5.0
8205	4.0
8206	6.0
8207	6.0
8208	3.0
8209	6.0
8210	5.0
8211	6.0
8212	6.0
8213	5.0
8214	5.0
8215	4.0
8216	6.0
8217	6.0
8218	6.0
8219	5.0
8220	5.0
8221	5.0
8222	4.0
8223	5.0
8224	5.0
8225	4.0
8226	6.0
8227	7.0
8228	5.0
8229	5.0
8230	6.0
8231	6.0
8232	6.0
8233	5.0
8234	5.0
8235	5.0
8236	7.0
8237	6.0
8238	6.0
8239	5.0
8240	4.0
8241	6.0
8242	5.0
8243	5.0
8244	5.0
8245	4.0
8246	4.0
8247	7.0
8248	4.0
8249	6.0
8250	4.0
8251	6.0
8252	4.0
8253	4.0
8254	5.0
8255	6.0
8256	5.0
8257	4.0
8258	7.0
8259	5.0
8260	6.0
8261	5.0
8262	5.0
8263	7.0
8264	4.0
8265	4.0
8266	7.0
8267	5.0
8268	6.0
8269	5.0
8270	5.0
8271	7.0
8272	5.0
8273	5.0
8274	5.0
8275	4.0
8276	5.0
8277	5.0
8278	5.0
8279	5.0
8280	4.0
8281	6.0
8282	4.0
8283	6.0
8284	5.0
8285	6.0
8286	4.0
8287	5.0
8288	5.0
8289	5.0
8290	5.0
8291	6.0
8292	7.0
8293	5.0
8294	4.0
8295	6.0
8296	4.0
8297	4.0
8298	6.0
8299	6.0
8300	5.0
8301	6.0
8302	6.0
8303	4.0
8304	6.0
8305	6.0
8306	5.0
8307	5.0
8308	5.0
8309	4.0
8310	4.0
8311	5.0
8312	6.0
8313	6.0
8314	5.0
8315	6.0
8316	6.0
8317	5.0
8318	6.0
8319	5.0
8320	5.0
8321	5.0
8322	7.0
8323	5.0
8324	4.0
8325	4.0
8326	5.0
8327	5.0
8328	4.0
8329	5.0
8330	4.0
8331	5.0
8332	6.0
8333	5.0
8334	5.0
8335	6.0
8336	6.0
8337	4.0
8338	6.0
8339	6.0
8340	6.0
8341	5.0
8342	6.0
8343	6.0
8344	5.0
8345	5.0
8346	4.0
8347	4.0
8348	5.0
8349	6.0
8350	6.0
8351	5.0
8352	5.0
8353	6.0
8354	5.0
8355	5.0
8356	6.0
8357	5.0
8358	5.0
8359	5.0
8360	5.0
8361	6.0
8362	4.0
8363	5.0
8364	6.0
8365	6.0
8366	6.0
8367	5.0
8368	6.0
8369	4.0
8370	5.0
8371	6.0
8372	5.0
8373	5.0
8374	5.0
8375	4.0
8376	5.0
8377	6.0
8378	5.0
8379	5.0
8380	6.0
8381	5.0
8382	4.0
8383	6.0
8384	4.0
8385	5.0
8386	5.0
8387	5.0
8388	5.0
8389	6.0
8390	6.0
8391	4.0
8392	4.0
8393	4.0
8394	5.0
8395	4.0
8396	5.0
8397	4.0
8398	5.0
8399	5.0
8400	7.0
8401	5.0
8402	4.0
8403	6.0
8404	6.0
8405	6.0
8406	6.0
8407	5.0
8408	5.0
8409	5.0
8410	5.0
8411	7.0
8412	5.0
8413	5.0
8414	5.0
8415	4.0
8416	5.0
8417	5.0
8418	5.0
8419	4.0
8420	4.0
8421	4.0
8422	4.0
8423	4.0
8424	6.0
8425	7.0
8426	4.0
8427	6.0
8428	4.0
8429	3.0
8430	4.0
8431	6.0
8432	5.0
8433	5.0
8434	5.0
8435	4.0
8436	5.0
8437	4.0
8438	5.0
8439	4.0
8440	6.0
8441	4.0
8442	5.0
8443	4.0
8444	5.0
8445	3.0
8446	5.0
8447	4.0
8448	5.0
8449	4.0
8450	7.0
8451	3.0
8452	6.0
8453	5.0
8454	6.0
8455	5.0
8456	5.0
8457	6.0
8458	6.0
8459	5.0
8460	5.0
8461	6.0
8462	5.0
8463	5.0
8464	6.0
8465	4.0
8466	5.0
8467	6.0
8468	4.0
8469	6.0
8470	5.0
8471	5.0
8472	5.0
8473	6.0
8474	6.0
8475	7.0
8476	7.0
8477	5.0
8478	5.0
8479	6.0
8480	4.0
8481	6.0
8482	6.0
8483	4.0
8484	4.0
8485	6.0
8486	5.0
8487	6.0
8488	4.0
8489	5.0
8490	6.0
8491	5.0
8492	4.0
8493	7.0
8494	5.0
8495	4.0
8496	7.0
8497	5.0
8498	5.0
8499	5.0
8500	4.0
8501	6.0
8502	4.0
8503	5.0
8504	5.0
8505	5.0
8506	6.0
8507	5.0
8508	5.0
8509	4.0
8510	4.0
8511	5.0
8512	5.0
8513	4.0
8514	5.0
8515	4.0
8516	4.0
8517	5.0
8518	4.0
8519	6.0
8520	5.0
8521	3.0
8522	5.0
8523	5.0
8524	5.0
8525	5.0
8526	6.0
8527	5.0
8528	5.0
8529	4.0
8530	5.0
8531	6.0
8532	4.0
8533	5.0
8534	7.0
8535	5.0
8536	6.0
8537	5.0
8538	5.0
8539	5.0
8540	6.0
8541	6.0
8542	4.0
8543	5.0
8544	5.0
8545	4.0
8546	4.0
8547	5.0
8548	5.0
8549	7.0
8550	4.0
8551	8.0
8552	6.0
8553	5.0
8554	4.0
8555	6.0
8556	5.0
8557	5.0
8558	4.0
8559	5.0
8560	7.0
8561	5.0
8562	6.0
8563	5.0
8564	5.0
8565	5.0
8566	4.0
8567	5.0
8568	4.0
8569	6.0
8570	6.0
8571	5.0
8572	4.0
8573	7.0
8574	5.0
8575	5.0
8576	5.0
8577	6.0
8578	4.0
8579	5.0
8580	6.0
8581	5.0
8582	5.0
8583	5.0
8584	6.0
8585	5.0
8586	4.0
8587	6.0
8588	5.0
8589	6.0
8590	5.0
8591	6.0
8592	5.0
8593	5.0
8594	5.0
8595	5.0
8596	5.0
8597	4.0
8598	5.0
8599	5.0
8600	5.0
8601	5.0
8602	4.0
8603	5.0
8604	5.0
8605	5.0
8606	6.0
8607	6.0
8608	5.0
8609	5.0
8610	4.0
8611	5.0
8612	5.0
8613	4.0
8614	4.0
8615	7.0
8616	5.0
8617	5.0
8618	5.0
8619	3.0
8620	4.0
8621	5.0
8622	5.0
8623	4.0
8624	6.0
8625	5.0
8626	6.0
8627	5.0
8628	5.0
8629	5.0
8630	6.0
8631	5.0
8632	5.0
8633	5.0
8634	4.0
8635	4.0
8636	5.0
8637	5.0
8638	4.0
8639	5.0
8640	4.0
8641	4.0
8642	5.0
8643	5.0
8644	6.0
8645	6.0
8646	5.0
8647	6.0
8648	5.0
8649	5.0
8650	5.0
8651	5.0
8652	5.0
8653	5.0
8654	5.0
8655	6.0
8656	5.0
8657	6.0
8658	5.0
8659	5.0
8660	5.0
8661	5.0
8662	4.0
8663	5.0
8664	5.0
8665	5.0
8666	6.0
8667	5.0
8668	6.0
8669	5.0
8670	5.0
8671	6.0
8672	4.0
8673	4.0
8674	5.0
8675	4.0
8676	5.0
8677	6.0
8678	6.0
8679	4.0
8680	5.0
8681	5.0
8682	5.0
8683	5.0
8684	4.0
8685	6.0
8686	6.0
8687	5.0
8688	6.0
8689	4.0
8690	6.0
8691	4.0
8692	4.0
8693	5.0
8694	5.0
8695	6.0
8696	5.0
8697	6.0
8698	6.0
8699	6.0
8700	6.0
8701	6.0
8702	6.0
8703	6.0
8704	7.0
8705	5.0
8706	5.0
8707	5.0
8708	5.0
8709	5.0
8710	4.0
8711	5.0
8712	5.0
8713	4.0
8714	5.0
8715	5.0
8716	6.0
8717	5.0
8718	6.0
8719	5.0
8720	5.0
8721	5.0
8722	5.0
8723	5.0
8724	6.0
8725	5.0
8726	4.0
8727	5.0
8728	6.0
8729	6.0
8730	5.0
8731	5.0
8732	4.0
8733	6.0
8734	5.0
8735	6.0
8736	5.0
8737	4.0
8738	5.0
8739	5.0
8740	5.0
8741	7.0
8742	5.0
8743	4.0
8744	4.0
8745	6.0
8746	5.0
8747	7.0
8748	4.0
8749	5.0
8750	5.0
8751	6.0
8752	4.0
8753	4.0
8754	6.0
8755	5.0
8756	5.0
8757	6.0
8758	6.0
8759	5.0
8760	6.0
8761	5.0
8762	5.0
8763	4.0
8764	5.0
8765	4.0
8766	5.0
8767	5.0
8768	6.0
8769	5.0
8770	5.0
8771	5.0
8772	6.0
8773	6.0
8774	5.0
8775	4.0
8776	4.0
8777	4.0
8778	6.0
8779	6.0
8780	5.0
8781	6.0
8782	5.0
8783	4.0
8784	6.0
8785	4.0
8786	5.0
8787	5.0
8788	6.0
8789	6.0
8790	5.0
8791	5.0
8792	6.0
8793	5.0
8794	5.0
8795	5.0
8796	6.0
8797	4.0
8798	6.0
8799	4.0
8800	5.0
8801	4.0
8802	6.0
8803	5.0
8804	6.0
8805	4.0
8806	4.0
8807	5.0
8808	5.0
8809	5.0
8810	6.0
8811	6.0
8812	6.0
8813	5.0
8814	5.0
8815	5.0
8816	7.0
8817	5.0
8818	5.0
8819	5.0
8820	5.0
8821	4.0
8822	5.0
8823	9.0
8824	4.0
8825	5.0
8826	6.0
8827	5.0
8828	4.0
8829	4.0
8830	7.0
8831	5.0
8832	5.0
8833	7.0
8834	6.0
8835	3.0
8836	5.0
8837	6.0
8838	5.0
8839	6.0
8840	5.0
8841	5.0
8842	4.0
8843	6.0
8844	5.0
8845	5.0
8846	6.0
8847	4.0
8848	4.0
8849	3.0
8850	5.0
8851	5.0
8852	5.0
8853	4.0
8854	5.0
8855	6.0
8856	5.0
8857	6.0
8858	6.0
8859	6.0
8860	4.0
8861	4.0
8862	5.0
8863	5.0
8864	5.0
8865	6.0
8866	5.0
8867	5.0
8868	5.0
8869	4.0
8870	6.0
8871	6.0
8872	6.0
8873	5.0
8874	5.0
8875	4.0
8876	5.0
8877	4.0
8878	5.0
8879	7.0
8880	3.0
8881	4.0
8882	5.0
8883	4.0
8884	5.0
8885	5.0
8886	5.0
8887	5.0
8888	6.0
8889	4.0
8890	5.0
8891	5.0
8892	5.0
8893	5.0
8894	5.0
8895	6.0
8896	5.0
8897	5.0
8898	6.0
8899	5.0
8900	6.0
8901	6.0
8902	5.0
8903	5.0
8904	6.0
8905	5.0
8906	5.0
8907	4.0
8908	4.0
8909	4.0
8910	6.0
8911	6.0
8912	5.0
8913	6.0
8914	5.0
8915	4.0
8916	5.0
8917	5.0
8918	6.0
8919	5.0
8920	5.0
8921	5.0
8922	5.0
8923	5.0
8924	4.0
8925	4.0
8926	5.0
8927	5.0
8928	6.0
8929	5.0
8930	4.0
8931	5.0
8932	5.0
8933	7.0
8934	5.0
8935	6.0
8936	4.0
8937	4.0
8938	5.0
8939	6.0
8940	7.0
8941	6.0
8942	5.0
8943	5.0
8944	5.0
8945	4.0
8946	5.0
8947	6.0
8948	5.0
8949	5.0
8950	5.0
8951	5.0
8952	4.0
8953	6.0
8954	6.0
8955	5.0
8956	5.0
8957	5.0
8958	5.0
8959	6.0
8960	4.0
8961	5.0
8962	6.0
8963	5.0
8964	5.0
8965	5.0
8966	7.0
8967	5.0
8968	5.0
8969	5.0
8970	4.0
8971	4.0
8972	5.0
8973	6.0
8974	5.0
8975	5.0
8976	6.0
8977	5.0
8978	4.0
8979	5.0
8980	5.0
8981	5.0
8982	4.0
8983	6.0
8984	4.0
8985	4.0
8986	5.0
8987	5.0
8988	5.0
8989	5.0
8990	6.0
8991	5.0
8992	4.0
8993	3.0
8994	4.0
8995	6.0
8996	6.0
8997	5.0
8998	5.0
8999	6.0
9000	5.0
9001	6.0
9002	5.0
9003	4.0
9004	5.0
9005	5.0
9006	6.0
9007	5.0
9008	4.0
9009	5.0
9010	4.0
9011	6.0
9012	5.0
9013	6.0
9014	9.0
9015	5.0
9016	6.0
9017	5.0
9018	6.0
9019	6.0
9020	5.0
9021	4.0
9022	6.0
9023	8.0
9024	4.0
9025	5.0
9026	6.0
9027	6.0
9028	5.0
9029	5.0
9030	5.0
9031	5.0
9032	6.0
9033	5.0
9034	5.0
9035	5.0
9036	5.0
9037	5.0
9038	6.0
9039	4.0
9040	6.0
9041	5.0
9042	4.0
9043	4.0
9044	4.0
9045	5.0
9046	6.0
9047	4.0
9048	6.0
9049	6.0
9050	3.0
9051	5.0
9052	5.0
9053	4.0
9054	6.0
9055	6.0
9056	5.0
9057	6.0
9058	6.0
9059	5.0
9060	4.0
9061	5.0
9062	5.0
9063	4.0
9064	6.0
9065	6.0
9066	5.0
9067	5.0
9068	5.0
9069	5.0
9070	6.0
9071	5.0
9072	6.0
9073	5.0
9074	5.0
9075	5.0
9076	5.0
9077	5.0
9078	5.0
9079	5.0
9080	6.0
9081	7.0
9082	6.0
9083	6.0
9084	4.0
9085	5.0
9086	4.0
9087	5.0
9088	5.0
9089	5.0
9090	4.0
9091	6.0
9092	5.0
9093	5.0
9094	6.0
9095	7.0
9096	4.0
9097	6.0
9098	4.0
9099	5.0
9100	6.0
9101	5.0
9102	7.0
9103	5.0
9104	5.0
9105	6.0
9106	5.0
9107	6.0
9108	6.0
9109	5.0
9110	3.0
9111	6.0
9112	5.0
9113	6.0
9114	4.0
9115	5.0
9116	4.0
9117	5.0
9118	5.0
9119	5.0
9120	5.0
9121	4.0
9122	4.0
9123	4.0
9124	4.0
9125	6.0
9126	5.0
9127	4.0
9128	6.0
9129	6.0
9130	4.0
9131	7.0
9132	6.0
9133	6.0
9134	6.0
9135	4.0
9136	5.0
9137	6.0
9138	6.0
9139	5.0
9140	6.0
9141	5.0
9142	3.0
9143	6.0
9144	5.0
9145	6.0
9146	4.0
9147	5.0
9148	4.0
9149	5.0
9150	4.0
9151	6.0
9152	7.0
9153	6.0
9154	6.0
9155	5.0
9156	6.0
9157	5.0
9158	6.0
9159	5.0
9160	6.0
9161	4.0
9162	6.0
9163	5.0
9164	5.0
9165	6.0
9166	6.0
9167	6.0
9168	5.0
9169	4.0
9170	5.0
9171	6.0
9172	6.0
9173	5.0
9174	6.0
9175	6.0
9176	6.0
9177	5.0
9178	5.0
9179	5.0
9180	6.0
9181	5.0
9182	4.0
9183	6.0
9184	5.0
9185	4.0
9186	6.0
9187	6.0
9188	5.0
9189	5.0
9190	5.0
9191	6.0
9192	3.0
9193	4.0
9194	6.0
9195	5.0
9196	5.0
9197	4.0
9198	5.0
9199	6.0
9200	4.0
9201	6.0
9202	5.0
9203	5.0
9204	5.0
9205	5.0
9206	5.0
9207	4.0
9208	5.0
9209	6.0
9210	5.0
9211	4.0
9212	5.0
9213	5.0
9214	4.0
9215	6.0
9216	5.0
9217	7.0
9218	5.0
9219	5.0
9220	6.0
9221	4.0
9222	4.0
9223	5.0
9224	5.0
9225	5.0
9226	5.0
9227	6.0
9228	5.0
9229	6.0
9230	6.0
9231	6.0
9232	4.0
9233	6.0
9234	4.0
9235	5.0
9236	6.0
9237	5.0
9238	6.0
9239	5.0
9240	4.0
9241	5.0
9242	4.0
9243	6.0
9244	7.0
9245	4.0
9246	6.0
9247	5.0
9248	5.0
9249	6.0
9250	5.0
9251	5.0
9252	5.0
9253	5.0
9254	6.0
9255	5.0
9256	3.0
9257	5.0
9258	4.0
9259	5.0
9260	6.0
9261	6.0
9262	6.0
9263	6.0
9264	6.0
9265	5.0
9266	5.0
9267	5.0
9268	5.0
9269	6.0
9270	4.0
9271	5.0
9272	4.0
9273	6.0
9274	5.0
9275	6.0
9276	6.0
9277	5.0
9278	5.0
9279	6.0
9280	4.0
9281	4.0
9282	6.0
9283	5.0
9284	5.0
9285	5.0
9286	6.0
9287	5.0
9288	5.0
9289	6.0
9290	6.0
9291	6.0
9292	5.0
9293	5.0
9294	4.0
9295	5.0
9296	6.0
9297	6.0
9298	4.0
9299	5.0
9300	4.0
9301	5.0
9302	7.0
9303	5.0
9304	5.0
9305	6.0
9306	6.0
9307	4.0
9308	5.0
9309	6.0
9310	6.0
9311	4.0
9312	5.0
9313	6.0
9314	9.0
9315	5.0
9316	5.0
9317	6.0
9318	6.0
9319	4.0
9320	5.0
9321	6.0
9322	6.0
9323	5.0
9324	6.0
9325	5.0
9326	4.0
9327	5.0
9328	5.0
9329	5.0
9330	5.0
9331	5.0
9332	5.0
9333	4.0
9334	6.0
9335	5.0
9336	6.0
9337	5.0
9338	6.0
9339	4.0
9340	5.0
9341	4.0
9342	5.0
9343	4.0
9344	4.0
9345	6.0
9346	5.0
9347	5.0
9348	5.0
9349	6.0
9350	4.0
9351	4.0
9352	5.0
9353	5.0
9354	5.0
9355	5.0
9356	5.0
9357	4.0
9358	5.0
9359	6.0
9360	5.0
9361	6.0
9362	5.0
9363	5.0
9364	4.0
9365	4.0
9366	7.0
9367	4.0
9368	5.0
9369	7.0
9370	5.0
9371	5.0
9372	5.0
9373	5.0
9374	5.0
9375	5.0
9376	5.0
9377	5.0
9378	5.0
9379	5.0
9380	6.0
9381	6.0
9382	5.0
9383	4.0
9384	6.0
9385	5.0
9386	6.0
9387	5.0
9388	4.0
9389	5.0
9390	5.0
9391	5.0
9392	5.0
9393	4.0
9394	5.0
9395	5.0
9396	5.0
9397	5.0
9398	4.0
9399	5.0
9400	7.0
9401	5.0
9402	5.0
9403	4.0
9404	6.0
9405	5.0
9406	4.0
9407	5.0
9408	3.0
9409	5.0
9410	5.0
9411	5.0
9412	5.0
9413	5.0
9414	5.0
9415	5.0
9416	5.0
9417	5.0
9418	5.0
9419	5.0
9420	4.0
9421	5.0
9422	5.0
9423	5.0
9424	4.0
9425	6.0
9426	4.0
9427	5.0
9428	5.0
9429	5.0
9430	6.0
9431	5.0
9432	5.0
9433	5.0
9434	6.0
9435	5.0
9436	6.0
9437	5.0
9438	5.0
9439	5.0
9440	5.0
9441	6.0
9442	6.0
9443	6.0
9444	4.0
9445	6.0
9446	4.0
9447	5.0
9448	5.0
9449	5.0
9450	7.0
9451	5.0
9452	5.0
9453	6.0
9454	4.0
9455	4.0
9456	5.0
9457	5.0
9458	4.0
9459	4.0
9460	5.0
9461	6.0
9462	4.0
9463	6.0
9464	6.0
9465	5.0
9466	4.0
9467	5.0
9468	5.0
9469	5.0
9470	6.0
9471	5.0
9472	4.0
9473	5.0
9474	5.0
9475	6.0
9476	7.0
9477	4.0
9478	5.0
9479	5.0
9480	6.0
9481	4.0
9482	5.0
9483	5.0
9484	5.0
9485	5.0
9486	5.0
9487	6.0
9488	5.0
9489	7.0
9490	6.0
9491	6.0
9492	6.0
9493	4.0
9494	4.0
9495	4.0
9496	6.0
9497	5.0
9498	4.0
9499	5.0
9500	5.0
9501	5.0
9502	5.0
9503	6.0
9504	6.0
9505	5.0
9506	6.0
9507	6.0
9508	5.0
9509	5.0
9510	3.0
9511	4.0
9512	6.0
9513	4.0
9514	4.0
9515	5.0
9516	5.0
9517	5.0
9518	6.0
9519	7.0
9520	5.0
9521	5.0
9522	5.0
9523	4.0
9524	4.0
9525	5.0
9526	6.0
9527	5.0
9528	6.0
9529	3.0
9530	5.0
9531	6.0
9532	4.0
9533	4.0
9534	6.0
9535	4.0
9536	6.0
9537	5.0
9538	4.0
9539	5.0
9540	5.0
9541	4.0
9542	5.0
9543	6.0
9544	4.0
9545	4.0
9546	5.0
9547	5.0
9548	6.0
9549	6.0
9550	5.0
9551	4.0
9552	6.0
9553	6.0
9554	5.0
9555	6.0
9556	6.0
9557	4.0
9558	6.0
9559	5.0
9560	5.0
9561	4.0
9562	5.0
9563	5.0
9564	4.0
9565	6.0
9566	5.0
9567	5.0
9568	6.0
9569	7.0
9570	5.0
9571	5.0
9572	6.0
9573	6.0
9574	6.0
9575	6.0
9576	6.0
9577	6.0
9578	5.0
9579	5.0
9580	4.0
9581	4.0
9582	5.0
9583	4.0
9584	5.0
9585	5.0
9586	5.0
9587	5.0
9588	5.0
9589	5.0
9590	5.0
9591	6.0
9592	4.0
9593	5.0
9594	6.0
9595	6.0
9596	7.0
9597	6.0
9598	6.0
9599	5.0
9600	5.0
9601	5.0
9602	6.0
9603	7.0
9604	5.0
9605	5.0
9606	6.0
9607	5.0
9608	4.0
9609	5.0
9610	6.0
9611	5.0
9612	6.0
9613	6.0
9614	5.0
9615	5.0
9616	4.0
9617	6.0
9618	6.0
9619	6.0
9620	5.0
9621	5.0
9622	6.0
9623	7.0
9624	4.0
9625	5.0
9626	5.0
9627	4.0
9628	5.0
9629	6.0
9630	4.0
9631	5.0
9632	5.0
9633	6.0
9634	5.0
9635	4.0
9636	4.0
9637	5.0
9638	5.0
9639	7.0
9640	6.0
9641	5.0
9642	5.0
9643	5.0
9644	5.0
9645	5.0
9646	6.0
9647	5.0
9648	6.0
9649	5.0
9650	5.0
9651	6.0
9652	7.0
9653	5.0
9654	8.0
9655	5.0
9656	4.0
9657	4.0
9658	6.0
9659	5.0
9660	6.0
9661	6.0
9662	4.0
9663	6.0
9664	6.0
9665	5.0
9666	3.0
9667	5.0
9668	5.0
9669	6.0
9670	6.0
9671	5.0
9672	4.0
9673	5.0
9674	5.0
9675	6.0
9676	6.0
9677	4.0
9678	5.0
9679	6.0
9680	4.0
9681	5.0
9682	6.0
9683	6.0
9684	5.0
9685	6.0
9686	4.0
9687	5.0
9688	5.0
9689	4.0
9690	5.0
9691	5.0
9692	6.0
9693	6.0
9694	7.0
9695	4.0
9696	5.0
9697	5.0
9698	6.0
9699	6.0
9700	5.0
9701	6.0
9702	6.0
9703	5.0
9704	5.0
9705	6.0
9706	4.0
9707	5.0
9708	5.0
9709	4.0
9710	6.0
9711	6.0
9712	4.0
9713	5.0
9714	4.0
9715	6.0
9716	5.0
9717	5.0
9718	4.0
9719	6.0
9720	6.0
9721	6.0
9722	5.0
9723	5.0
9724	6.0
9725	5.0
9726	3.0
9727	4.0
9728	5.0
9729	6.0
9730	5.0
9731	6.0
9732	4.0
9733	6.0
9734	6.0
9735	6.0
9736	4.0
9737	5.0
9738	5.0
9739	5.0
9740	6.0
9741	4.0
9742	3.0
9743	5.0
9744	4.0
9745	5.0
9746	6.0
9747	6.0
9748	5.0
9749	5.0
9750	4.0
9751	4.0
9752	5.0
9753	5.0
9754	6.0
9755	5.0
9756	6.0
9757	6.0
9758	6.0
9759	6.0
9760	5.0
9761	6.0
9762	5.0
9763	6.0
9764	6.0
9765	5.0
9766	5.0
9767	4.0
9768	4.0
9769	5.0
9770	6.0
9771	5.0
9772	6.0
9773	4.0
9774	6.0
9775	4.0
9776	5.0
9777	5.0
9778	6.0
9779	6.0
9780	6.0
9781	5.0
9782	4.0
9783	5.0
9784	5.0
9785	4.0
9786	5.0
9787	5.0
9788	5.0
9789	5.0
9790	5.0
9791	5.0
9792	4.0
9793	7.0
9794	6.0
9795	6.0
9796	8.0
9797	5.0
9798	6.0
9799	5.0
9800	5.0
9801	6.0
9802	6.0
9803	6.0
9804	6.0
9805	7.0
9806	5.0
9807	4.0
9808	6.0
9809	4.0
9810	6.0
9811	5.0
9812	6.0
9813	6.0
9814	5.0
9815	7.0
9816	6.0
9817	6.0
9818	6.0
9819	6.0
9820	5.0
9821	5.0
9822	5.0
9823	4.0
9824	5.0
9825	4.0
9826	5.0
9827	4.0
9828	6.0
9829	6.0
9830	6.0
9831	3.0
9832	4.0
9833	3.0
9834	4.0
9835	6.0
9836	5.0
9837	7.0
9838	4.0
9839	5.0
9840	5.0
9841	8.0
9842	5.0
9843	6.0
9844	5.0
9845	5.0
9846	3.0
9847	5.0
9848	4.0
9849	5.0
9850	4.0
9851	5.0
9852	5.0
9853	5.0
9854	5.0
9855	7.0
9856	6.0
9857	7.0
9858	5.0
9859	5.0
9860	5.0
9861	5.0
9862	5.0
9863	6.0
9864	4.0
9865	5.0
9866	6.0
9867	5.0
9868	6.0
9869	7.0
9870	5.0
9871	6.0
9872	6.0
9873	5.0
9874	5.0
9875	5.0
9876	5.0
9877	5.0
9878	6.0
9879	5.0
9880	5.0
9881	4.0
9882	6.0
9883	5.0
9884	6.0
9885	5.0
9886	5.0
9887	5.0
9888	6.0
9889	5.0
9890	5.0
9891	4.0
9892	6.0
9893	5.0
9894	6.0
9895	4.0
9896	4.0
9897	5.0
9898	5.0
9899	6.0
9900	5.0
9901	6.0
9902	5.0
9903	5.0
9904	6.0
9905	4.0
9906	4.0
9907	5.0
9908	5.0
9909	6.0
9910	5.0
9911	5.0
9912	4.0
9913	5.0
9914	4.0
9915	6.0
9916	6.0
9917	5.0
9918	5.0
9919	6.0
9920	6.0
9921	3.0
9922	6.0
9923	5.0
9924	6.0
9925	4.0
9926	4.0
9927	5.0
9928	6.0
9929	4.0
9930	4.0
9931	5.0
9932	4.0
9933	5.0
9934	6.0
9935	7.0
9936	6.0
9937	5.0
9938	4.0
9939	5.0
9940	4.0
9941	4.0
9942	5.0
9943	6.0
9944	5.0
9945	5.0
9946	6.0
9947	5.0
9948	5.0
9949	6.0
9950	4.0
9951	6.0
9952	5.0
9953	5.0
9954	4.0
9955	5.0
9956	5.0
9957	4.0
9958	5.0
9959	4.0
9960	4.0
9961	6.0
9962	4.0
9963	6.0
9964	6.0
9965	5.0
9966	4.0
9967	5.0
9968	5.0
9969	4.0
9970	5.0
9971	5.0
9972	5.0
9973	5.0
9974	6.0
9975	6.0
9976	5.0
9977	4.0
9978	5.0
9979	4.0
9980	5.0
9981	4.0
9982	5.0
9983	6.0
9984	7.0
9985	7.0
9986	6.0
9987	5.0
9988	6.0
9989	6.0
9990	6.0
9991	5.0
9992	7.0
9993	6.0
9994	5.0
9995	5.0
9996	6.0
9997	5.0
9998	5.0
9999	5.0
